Company Name,Industry,Symbol,Series,ISIN Code
20 Microns Limited,NSE Equity,20MICRONS,EQ,INE144J01027
21st Century Management Services Limited,NSE Equity,21STCENMGM,EQ,INE253B01015
360 ONE WAM LIMITED,Financial Services,360ONE,EQ,INE466L01038
3B Blackbio Dx Limited,NSE Equity,3BBLACKBIO,EQ,INE994E01018
3i Infotech Limited,NSE Equity,3IINFOLTD,EQ,INE748C01038
3M India Limited,Diversified,3MINDIA,EQ,INE470A01017
3P Land Holdings Limited,NSE Equity,3PLAND,EQ,INE105C01023
5Paisa Capital Limited,NSE Equity,5PAISA,EQ,INE618L01018
63 moons technologies limited,NSE Equity,63MOONS,EQ,INE111B01023
A2Z Infra Engineering Limited,NSE Equity,A2ZINFRA,EQ,INE619I01012
AAA Technologies Limited,NSE Equity,AAATECH,EQ,INE0D0U01013
Aadhar Housing Finance Limited,Financial Services,AADHARHFC,EQ,INE883F01010
Aakash Exploration Services Limited,NSE Equity,AAKASH,EQ,INE087Z01024
Aarey Drugs & Pharmaceuticals Limited,NSE Equity,AAREYDRUGS,BE,INE198H01019
Aarnav Fashions Limited,NSE Equity,AARNAV,EQ,INE750R01016
Aaron Industries Limited,NSE Equity,AARON,EQ,INE721Z01010
Aartech Solonics Limited,NSE Equity,AARTECH,BE,INE01C001026
Aarti Drugs Limited,NSE Equity,AARTIDRUGS,EQ,INE767A01016
Aarti Industries Limited,Chemicals,AARTIIND,EQ,INE769A01020
Aarti Pharmalabs Limited,NSE Equity,AARTIPHARM,EQ,INE0LRU01027
Aarti Surfactants Limited,NSE Equity,AARTISURF,EQ,INE09EO01013
Aarvi Encon Limited,NSE Equity,AARVI,EQ,INE754X01016
Aastha Spintex Limited,NSE Equity,AASTHA,EQ,INE2FMX01012
Aavas Financiers Limited,Financial Services,AAVAS,EQ,INE216P01012
Aban Offshore Limited,NSE Equity,ABAN,BE,INE421A01028
Abans Enterprises Limited,NSE Equity,ABANSENT,BE,INE365O01028
ABB India Limited,Capital Goods,ABB,EQ,INE117A01022
Abbott India Limited,Healthcare,ABBOTINDIA,EQ,INE358A01014
Aditya Birla Capital Limited,Financial Services,ABCAPITAL,EQ,INE674K01013
A B Cotspin India Limited,NSE Equity,ABCOTS,EQ,INE08PH01015
Allied Blenders and Distillers Limited,Fast Moving Consumer Goods,ABDL,EQ,INE552Z01027
Aditya Birla Fashion and Retail Limited,Consumer Services,ABFRL,EQ,INE647O01011
A B Infrabuild Limited,NSE Equity,ABINFRA,EQ,INE00YB01025
Aditya Birla Lifestyle Brands Limited,Consumer Services,ABLBL,EQ,INE14LE01019
ABM International Limited,NSE Equity,ABMINTLLTD,EQ,INE251C01025
ABM Knowledgeware Limited,NSE Equity,ABMKNO,EQ,INE850B01026
Aditya Birla Real Estate Limited,Realty,ABREL,EQ,INE055A01016
Aditya Birla Sun Life AMC Limited,Financial Services,ABSLAMC,EQ,INE404A01024
ACC Limited,Construction Materials,ACC,EQ,INE012A01025
Accelya Solutions India Limited,NSE Equity,ACCELYA,EQ,INE793A01012
Accuracy Shipping Limited,NSE Equity,ACCURACY,BE,INE648Z01023
Action Construction Equipment Limited,Capital Goods,ACE,EQ,INE731H01025
Ace Integrated Solutions Limited,NSE Equity,ACEINTEG,EQ,INE543V01017
Archean Chemical Industries Limited,NSE Equity,ACI,EQ,INE128X01021
Andhra Cements Limited,NSE Equity,ACL,EQ,INE666E01020
Acme Solar Holdings Limited,Power,ACMESOLAR,EQ,INE622W01025
ACS Technologies Limited,NSE Equity,ACSTECH,EQ,INE366C01021
Acutaas Chemicals Limited,Healthcare,ACUTAAS,EQ,INE00FF01025
Adani Energy Solutions Limited,Power,ADANIENSOL,EQ,INE931S01010
Adani Enterprises Limited,Metals & Mining,ADANIENT,EQ,INE423A01024
Adani Green Energy Limited,Power,ADANIGREEN,EQ,INE364U01010
Adani Ports and Special Economic Zone Limited,Services,ADANIPORTS,EQ,INE742F01042
Adani Power Limited,Power,ADANIPOWER,EQ,INE814H01029
ADF Foods Limited,NSE Equity,ADFFOODS,EQ,INE982B01027
Archidply Decor Limited,NSE Equity,ADL,EQ,INE0CHO01012
Ador Welding Limited,NSE Equity,ADOR,EQ,INE045A01017
Adroit Infotech Limited,NSE Equity,ADROITINFO,EQ,INE737B01033
Allied Digital Services Limited,NSE Equity,ADSL,EQ,INE102I01027
Advait Energy Transitions Limited,NSE Equity,ADVAIT,EQ,INE0ALI01010
Advance Agrolife Limited,NSE Equity,ADVANCE,EQ,INE1B0W01010
Advani Hotels & Resorts (India) Limited,NSE Equity,ADVANIHOTR,EQ,INE199C01026
Advent Hotels International Limited,NSE Equity,ADVENTHTL,EQ,INE28GN01010
Advanced Enzyme Technologies Limited,NSE Equity,ADVENZYMES,EQ,INE837H01020
Aegis Logistics Limited,Oil Gas & Consumable Fuels,AEGISLOG,EQ,INE208C01025
Aegis Vopak Terminals Limited,Oil Gas & Consumable Fuels,AEGISVOPAK,EQ,INE0INX01018
Artemis Electricals and Projects Limited,NSE Equity,AEPL,EQ,INE757T01025
Aequs Limited,NSE Equity,AEQUS,EQ,INE947N01017
Aeroflex Enterprises Limited,NSE Equity,AEROENTER,EQ,INE065D01027
Aeroflex Industries Limited,NSE Equity,AEROFLEX,EQ,INE024001021
Aeroflex Neu Limited,NSE Equity,AERONEU,EQ,INE035801013
Amir Chand Jagdish Kumar (Exports) Limited,NSE Equity,AEROPLANE,EQ,INE05TO01019
Aether Industries Limited,NSE Equity,AETHER,EQ,INE0BWX01014
Afcons Infrastructure Limited,Construction,AFCONS,EQ,INE101I01011
Affle 3i Limited,Information Technology,AFFLE,EQ,INE00WC01027
Affordable Robotic & Automation Limited,NSE Equity,AFFORDABLE,BE,INE692Z01013
Akme Fintrade (India) Limited,NSE Equity,AFIL,EQ,INE916Y01027
Abans Financial Services Limited,NSE Equity,AFSL,EQ,INE00ZE01026
Agarwal Industrial Corporation Limited,NSE Equity,AGARIND,EQ,INE204E01012
Dr. Agarwal's Health Care Limited,NSE Equity,AGARWALEYE,EQ,INE943P01029
AGI Greenpac Limited,NSE Equity,AGI,EQ,INE415A01038
Agi Infra Limited,NSE Equity,AGIIL,EQ,INE976R01033
Allcargo Global Limited,NSE Equity,AGL,EQ,INE1YPB01014
Agri-Tech (India) Limited,NSE Equity,AGRITECH,BE,INE449G01018
Agro Phos India Limited,NSE Equity,AGROPHOS,EQ,INE740V01019
Anlon Healthcare Limited,NSE Equity,AHCL,EQ,INE0Y8W01025
Ahlada Engineers Limited,NSE Equity,AHLADA,EQ,INE00PV01013
Asian Hotels (East) Limited,NSE Equity,AHLEAST,EQ,INE926K01017
Ahluwalia Contracts (India) Limited,NSE Equity,AHLUCONT,EQ,INE758C01029
Asian Hotels (West) Limited,NSE Equity,AHLWEST,BE,INE915K01010
AIA Engineering Limited,Capital Goods,AIAENG,EQ,INE212H01026
Authum Investment & Infrastructure Limited,Financial Services,AIIL,EQ,INE206F01022
Airan Limited,NSE Equity,AIRAN,EQ,INE645W01026
Airo Lam limited,NSE Equity,AIROLAM,EQ,INE801L01010
Ajanta Pharma Limited,Healthcare,AJANTPHARM,EQ,INE031B01049
Ajax Engineering Limited,NSE Equity,AJAXENGG,EQ,INE274Y01021
Ajmera Realty & Infra India Limited,NSE Equity,AJMERA,EQ,INE298G01035
Ajooni Biotech Limited,NSE Equity,AJOONI,EQ,INE820Y01021
Akash Infra-Projects Limited,NSE Equity,AKASH,EQ,INE737W01013
AK Capital Services Limited,NSE Equity,AKCAPIT,EQ,INE701G01012
Akg Exim Limited,NSE Equity,AKG,EQ,INE00Y801016
AKI India Limited,NSE Equity,AKI,EQ,INE642Z01026
Akshar Spintex Limited,NSE Equity,AKSHAR,EQ,INE256Z01025
AksharChem India Limited,NSE Equity,AKSHARCHEM,BE,INE542B01011
Aksh Optifibre Limited,NSE Equity,AKSHOPTFBR,BE,INE523B01011
Akums Drugs and Pharmaceuticals Limited,NSE Equity,AKUMS,EQ,INE09XN01023
Alankit Limited,NSE Equity,ALANKIT,EQ,INE914E01040
Albert David Limited,NSE Equity,ALBERTDAVD,EQ,INE155C01010
Alembic Limited,NSE Equity,ALEMBICLTD,EQ,INE426A01027
Algoquant Fintech Limited,NSE Equity,ALGOQUANT,EQ,INE598D01035
Alicon Castalloy Limited,NSE Equity,ALICON,EQ,INE062D01024
Alivus Life Sciences Limited,NSE Equity,ALIVUS,EQ,INE03Q201024
Alkali Metals Limited,NSE Equity,ALKALI,BE,INE773I01017
Alkem Laboratories Limited,Healthcare,ALKEM,EQ,INE540L01014
Alkyl Amines Chemicals Limited,NSE Equity,ALKYLAMINE,EQ,INE150B01039
Allcargo Logistics Limited,NSE Equity,ALLCARGO,EQ,INE418H01029
Alldigi Tech Limited,NSE Equity,ALLDIGI,EQ,INE835G01018
All Time Plastics Limited,NSE Equity,ALLTIME,EQ,INE0GV601021
Almondz Global Securities Limited,NSE Equity,ALMONDZ,EQ,INE326B01035
Alok Industries Limited,NSE Equity,ALOKINDS,EQ,INE270A01029
Alpa Laboratories Limited,NSE Equity,ALPA,EQ,INE385I01010
Alphageo (India) Limited,NSE Equity,ALPHAGEO,EQ,INE137C01018
Alpine Texworld Limited,NSE Equity,ALPINETEX,BE,INE1JCQ01037
Amagi Media Labs Limited,NSE Equity,AMAGI,EQ,INE121R01077
Amanta Healthcare Limited,NSE Equity,AMANTA,BE,INE084K01015
Ambalal Sarabhai Enterprises Limited,NSE Equity,AMBALALSA,EQ,INE432A01017
Amber Enterprises India Limited,Consumer Durables,AMBER,EQ,INE371P01015
Ambica Agarbathies & Aroma industries Limited,NSE Equity,AMBICAAGAR,EQ,INE792B01012
Ambika Cotton Mills Limited,NSE Equity,AMBIKCO,EQ,INE540G01014
Ambuja Cements Limited,Construction Materials,AMBUJACEM,EQ,INE079A01024
AMD Industries Limited,NSE Equity,AMDIND,EQ,INE005I01014
Amj Land Holdings Limited,NSE Equity,AMJLAND,EQ,INE606A01024
Amines & Plasticizers Limited,NSE Equity,AMNPLST,EQ,INE275D01022
Amrutanjan Health Care Limited,NSE Equity,AMRUTANJAN,EQ,INE098F01031
Anand Rathi Wealth Limited,Financial Services,ANANDRATHI,EQ,INE463V01026
Anant Raj Limited,Realty,ANANTRAJ,EQ,INE242C01024
ANDHRA PAPER LIMITED,NSE Equity,ANDHRAPAP,EQ,INE435A01051
The Andhra Sugars Limited,NSE Equity,ANDHRSUGAR,EQ,INE715B01021
Angel One Limited,Financial Services,ANGELONE,EQ,INE732I01021
Anik Industries Limited,NSE Equity,ANIKINDS,EQ,INE087B01017
Anmol India Limited,NSE Equity,ANMOL,EQ,INE02AR01019
Antelopus Selan Energy Limited,NSE Equity,ANTELOPUS,EQ,INE818A01017
Antarctica Limited,NSE Equity,ANTGRAPHIC,EQ,INE414B01021
Anthem Biosciences Limited,Healthcare,ANTHEM,EQ,INE0CZ201020
Anuh Pharma Limited,NSE Equity,ANUHPHR,EQ,INE489G01022
The Anup Engineering Limited,NSE Equity,ANUP,EQ,INE294Z01018
Anupam Rasayan India Limited,Chemicals,ANURAS,EQ,INE930P01018
Apar Industries Limited,Capital Goods,APARINDS,EQ,INE372A01015
Anjani Portland Cement Limited,NSE Equity,APCL,EQ,INE071F01012
Apcotex Industries Limited,NSE Equity,APCOTEXIND,EQ,INE116A01032
Apex Frozen Foods Limited,NSE Equity,APEX,EQ,INE346W01013
APL Apollo Tubes Limited,Capital Goods,APLAPOLLO,EQ,INE702C01027
Alembic Pharmaceuticals Limited,NSE Equity,APLLTD,EQ,INE901L01018
Apollo Micro Systems Limited,NSE Equity,APOLLO,EQ,INE713T01028
Apollo Hospitals Enterprise Limited,Healthcare,APOLLOHOSP,EQ,INE437A01024
Apollo Pipes Limited,NSE Equity,APOLLOPIPE,EQ,INE126J01016
Apollo Tyres Limited,Automobile and Auto Components,APOLLOTYRE,EQ,INE438A01022
Apollo Sindoori Hotels Limited,NSE Equity,APOLSINHOT,EQ,INE451F01024
Aptech Limited,NSE Equity,APTECHT,BE,INE266F01018
Aptus Value Housing Finance India Limited,Financial Services,APTUS,EQ,INE852O01025
Aqylon Nexus Limited,NSE Equity,AQYLON,EQ,INE416A01051
Archidply Industries Limited,NSE Equity,ARCHIDPLY,EQ,INE877I01016
Archies Limited,NSE Equity,ARCHIES,EQ,INE731A01020
Amara Raja Energy & Mobility Limited,Automobile and Auto Components,ARE&M,EQ,INE885A01032
Rajdarshan Industries Limited,NSE Equity,ARENTERP,EQ,INE610C01014
Arfin India Limited,NSE Equity,ARFIN,EQ,INE784R01023
Aries Agro Limited,NSE Equity,ARIES,EQ,INE298I01015
Arihant Foundations & Housing Limited,NSE Equity,ARIHANT,EQ,INE413D01011
Arihant Capital Markets Limited,NSE Equity,ARIHANTCAP,EQ,INE420B01036
Arihant Superstructures Limited,NSE Equity,ARIHANTSUP,EQ,INE643K01018
Arisinfra Solutions Limited,NSE Equity,ARIS,EQ,INE0H9P01028
Arkade Developers Limited,NSE Equity,ARKADE,EQ,INE0QRL01017
Arman Financial Services Limited,NSE Equity,ARMANFIN,EQ,INE109C01017
Aro Granite Industries Limited,NSE Equity,AROGRANITE,EQ,INE210C01013
Arrow Greentech Limited,NSE Equity,ARROWGREEN,BE,INE570D01018
Anand Rathi Share and Stock Brokers Limited,NSE Equity,ARSSBL,EQ,INE549H01021
Artemis Medicare Services Limited,NSE Equity,ARTEMISMED,EQ,INE025R01021
Art Nirman Limited,NSE Equity,ARTNIRMAN,EQ,INE738V01013
Arvee Laboratories (India) Limited,NSE Equity,ARVEE,EQ,INE006Z01016
Arvind Limited,NSE Equity,ARVIND,EQ,INE034A01011
Arvind Fashions Limited,NSE Equity,ARVINDFASN,EQ,INE955V01021
Arvind SmartSpaces Limited,NSE Equity,ARVSMART,EQ,INE034S01021
Asahi India Glass Limited,Automobile and Auto Components,ASAHIINDIA,EQ,INE439A01020
Asahi Songwon Colors Limited,NSE Equity,ASAHISONG,EQ,INE228I01012
Automotive Stampings and Assemblies Limited,NSE Equity,ASAL,EQ,INE900C01027
Associated Alcohols & Breweries Ltd.,NSE Equity,ASALCBR,EQ,INE073G01016
Ashapura Minechem Limited,NSE Equity,ASHAPURMIN,EQ,INE348A01023
Ashiana Housing Limited,NSE Equity,ASHIANA,EQ,INE365D01021
Ashika Global Securities Limited,NSE Equity,ASHIKAG,EQ,INE094B01013
Ashima Limited,NSE Equity,ASHIMASYN,EQ,INE440A01010
Ashoka Buildcon Limited,NSE Equity,ASHOKA,EQ,INE442H01029
Ashoka Metcast Limited,NSE Equity,ASHOKAMET,EQ,INE760Y01011
Ashok Leyland Limited,Capital Goods,ASHOKLEY,EQ,INE208A01029
Asian Energy Services Limited,NSE Equity,ASIANENE,EQ,INE276G01015
Asian Hotels (North) Limited,NSE Equity,ASIANHOTNR,EQ,INE363A01022
Asian Paints Limited,Consumer Durables,ASIANPAINT,EQ,INE021A01026
Asian Granito India Limited,NSE Equity,ASIANTILES,EQ,INE022I01019
ASK Automotive Limited,NSE Equity,ASKAUTOLTD,EQ,INE491J01022
Avio Smart Market Stack Limited,NSE Equity,ASMS,BE,INE855F01042
Aspinwall and Company Limited,NSE Equity,ASPINWALL,EQ,INE991I01015
Asian Star Company Limited,NSE Equity,ASTAR,EQ,INE194D01017
Astec LifeSciences Limited,NSE Equity,ASTEC,EQ,INE563J01010
Aster DM Quality Care Limited,Healthcare,ASTERDM,EQ,INE914M01019
Astral Limited,Capital Goods,ASTRAL,EQ,INE006I01046
Astra Microwave Products Limited,NSE Equity,ASTRAMICRO,EQ,INE386C01029
AstraZeneca Pharma India Limited,NSE Equity,ASTRAZEN,EQ,INE203A01020
Astron Paper & Board Mill Limited,NSE Equity,ASTRON,BE,INE646X01014
Atal Realtech Limited,NSE Equity,ATALREAL,EQ,INE0ALR01029
Atam Valves Limited,NSE Equity,ATAM,EQ,INE09KD01013
Adani Total Gas Limited,Oil Gas & Consumable Fuels,ATGL,EQ,INE399L01023
Ather Energy Limited,Automobile and Auto Components,ATHERENERG,EQ,INE0LEZ01016
Allcargo Terminals Limited,NSE Equity,ATL,EQ,INE0NN701020
ATLANTAA LIMITED,NSE Equity,ATLANTAA,EQ,INE285H01022
Atlanta Electricals Limited,NSE Equity,ATLANTAELE,EQ,INE0Z4F01028
Atlas Cycles (Haryana) Limited,NSE Equity,ATLASCYCLE,EQ,INE446A01025
Atul Limited,Chemicals,ATUL,EQ,INE100A01010
Atul Auto Limited,NSE Equity,ATULAUTO,EQ,INE951D01028
AU Small Finance Bank Limited,Financial Services,AUBANK,EQ,INE949L01017
Aurionpro Solutions Limited,NSE Equity,AURIONPRO,EQ,INE132H01018
Aurobindo Pharma Limited,Healthcare,AUROPHARMA,EQ,INE406A01037
Aurum PropTech Limited,NSE Equity,AURUM,EQ,INE898S01029
AURUS GEM CORPORATION LIMITED,NSE Equity,AURUS,EQ,INE142K01011
Ausom Enterprise Limited,NSE Equity,AUSOMENT,BE,INE218C01016
Automotive Axles Limited,NSE Equity,AUTOAXLES,EQ,INE449A01011
Autoline Industries Limited,NSE Equity,AUTOIND,BE,INE718H01014
Avadh Sugar & Energy Limited,NSE Equity,AVADHSUGAR,EQ,INE349W01017
Avalon Technologies Limited,NSE Equity,AVALON,EQ,INE0LCL01028
Avantel Limited,NSE Equity,AVANTEL,EQ,INE005B01027
Avanti Feeds Limited,NSE Equity,AVANTIFEED,EQ,INE871C01038
AVG Logistics Limited,NSE Equity,AVG,BE,INE680Z01018
Aditya Vision Limited,NSE Equity,AVL,EQ,INE679V01027
Avonmore Capital & Management Services Limited,NSE Equity,AVONMORE,EQ,INE323B01024
AVRO INDIA LIMITED,NSE Equity,AVROIND,EQ,INE652Z01025
AVT Natural Products Limited,NSE Equity,AVTNPL,EQ,INE488D01021
Awfis Space Solutions Limited,NSE Equity,AWFIS,EQ,INE108V01019
Antony Waste Handling Cell Limited,NSE Equity,AWHCL,EQ,INE01BK01022
AWL Agri Business Limited,Fast Moving Consumer Goods,AWL,EQ,INE699H01024
Axis Bank Limited,Financial Services,AXISBANK,EQ,INE238A01034
AXISCADES Technologies Limited,NSE Equity,AXISCADES,EQ,INE555B01013
Axita Cotton Limited,NSE Equity,AXITA,EQ,INE02EZ01022
Aye Finance Limited,NSE Equity,AYE,EQ,INE501X01029
AYM Syntex Limited,NSE Equity,AYMSYNTEX,EQ,INE193B01039
Azad Engineering Limited,NSE Equity,AZAD,EQ,INE02IJ01035
Bafna Pharmaceuticals Limited,NSE Equity,BAFNAPH,BE,INE878I01022
B.A.G Films and Media Limited,NSE Equity,BAGFILMS,EQ,INE116D01028
Baid Finserv Limited,NSE Equity,BAIDFIN,EQ,INE020D01022
Bajaj Auto Limited,Automobile and Auto Components,BAJAJ-AUTO,EQ,INE917I01010
Bajaj Consumer Care Limited,NSE Equity,BAJAJCON,EQ,INE933K01021
Bajaj Electricals Limited,NSE Equity,BAJAJELEC,EQ,INE193E01025
Bajaj Finserv Limited,Financial Services,BAJAJFINSV,EQ,INE918I01026
Bajaj Healthcare Limited,NSE Equity,BAJAJHCARE,EQ,INE411U01027
Bajaj Housing Finance Limited,Financial Services,BAJAJHFL,EQ,INE377Y01014
Bajaj Hindusthan Sugar Limited,NSE Equity,BAJAJHIND,EQ,INE306A01021
Bajaj Holdings & Investment Limited,Financial Services,BAJAJHLDNG,EQ,INE118A01012
Indef Manufacturing Limited,NSE Equity,BAJAJINDEF,EQ,INE0O9T01021
Bajaj Steel Industries Limited,NSE Equity,BAJAJST,EQ,INE704G01024
Bajel Projects Limited,NSE Equity,BAJEL,EQ,INE0KQN01018
Bajaj Finance Limited,Financial Services,BAJFINANCE,EQ,INE296A01032
Shree Tirupati Balajee Agro Trading Company Limited,NSE Equity,BALAJEE,EQ,INE0S2G01011
Balaji Telefilms Limited,NSE Equity,BALAJITELE,EQ,INE794B01026
Balaji Amines Limited,NSE Equity,BALAMINES,EQ,INE050E01027
BALAXI PHARMACEUTICALS LIMITED,NSE Equity,BALAXI,EQ,INE618N01022
Balkrishna Paper Mills Limited,NSE Equity,BALKRISHNA,EQ,INE875R01011
Balkrishna Industries Limited,Automobile and Auto Components,BALKRISIND,EQ,INE787D01026
Balmer Lawrie & Company Limited,NSE Equity,BALMLAWRIE,EQ,INE164A01016
Bal Pharma Limited,NSE Equity,BALPHARMA,EQ,INE083D01012
Balrampur Chini Mills Limited,Fast Moving Consumer Goods,BALRAMCHIN,EQ,INE119A01028
Balu Forge Industries Limited,NSE Equity,BALUFORGE,EQ,INE011E01029
Banaras Beads Limited,NSE Equity,BANARBEADS,EQ,INE655B01011
Bannari Amman Sugars Limited,NSE Equity,BANARISUG,EQ,INE459A01010
Banco Products (I) Limited,NSE Equity,BANCOINDIA,EQ,INE213C01025
Bandhan Bank Limited,Financial Services,BANDHANBNK,EQ,INE545U01014
Bang Overseas Limited,NSE Equity,BANG,EQ,INE863I01016
Banka BioLoo Limited,NSE Equity,BANKA,BE,INE862Y01015
Bank of Baroda,Financial Services,BANKBARODA,EQ,INE028A01039
Bank of India,Financial Services,BANKINDIA,EQ,INE084A01016
Bansal Wire Industries Limited,NSE Equity,BANSALWIRE,EQ,INE0B9K01025
Banswara Syntex Limited,NSE Equity,BANSWRAS,EQ,INE629D01020
BASF India Limited,NSE Equity,BASF,EQ,INE373A01013
Bannari Amman Spinning Mills Limited,NSE Equity,BASML,BE,INE186H01022
Bata India Limited,Consumer Durables,BATAINDIA,EQ,INE176A01028
Batliboi Limited,NSE Equity,BATLIBOI,EQ,INE177C01022
Bayer Cropscience Limited,Chemicals,BAYERCROP,EQ,INE462A01022
Bharat Bijlee Limited,NSE Equity,BBL,EQ,INE464A01036
Black Box Limited,NSE Equity,BBOX,EQ,INE676A01027
The Bombay Burmah Trading Corporation Limited,Fast Moving Consumer Goods,BBTC,EQ,INE050A01025
B&B Triplewall Containers Limited,NSE Equity,BBTCL,EQ,INE01EE01011
Brightcom Group Limited,NSE Equity,BCG,EQ,INE425B01027
Bcl Industries Limited,NSE Equity,BCLIND,EQ,INE412G01024
Brand Concepts Limited,NSE Equity,BCONCEPTS,EQ,INE977Y01011
BCPL Railway Infrastructure Limited,NSE Equity,BCPL,EQ,INE00SW01015
Bharat Dynamics Limited,Capital Goods,BDL,EQ,INE171Z01026
Beardsell Limited,NSE Equity,BEARDSELL,EQ,INE520H01022
Mrs. Bectors Food Specialities Limited,NSE Equity,BECTORFOOD,EQ,INE495P01020
Bedmutha Industries Limited,NSE Equity,BEDMUTHA,EQ,INE844K01012
Beekay Steel Industries Limited,NSE Equity,BEEKAY,EQ,INE213D01015
Bharat Electronics Limited,Capital Goods,BEL,EQ,INE263A01024
Bella Casa Fashion & Retail Limited,NSE Equity,BELLACASA,EQ,INE344T01014
Belrise Industries Limited,Automobile and Auto Components,BELRISE,EQ,INE894V01022
BEML Limited,Capital Goods,BEML,EQ,INE258A01024
Bengal & Assam Company Limited,NSE Equity,BENGALASM,EQ,INE083K01017
Bhansali Engineering Polymers Limited,NSE Equity,BEPL,EQ,INE922A01025
Berger Paints (I) Limited,Consumer Durables,BERGEPAINT,EQ,INE463A01038
Best Agrolife Limited,NSE Equity,BESTAGRO,EQ,INE052T01021
Beta Drugs Limited,NSE Equity,BETA,EQ,INE351Y01019
BF Investment Limited,NSE Equity,BFINVEST,EQ,INE878K01010
BF Utilities Limited,NSE Equity,BFUTILITIE,EQ,INE243D01012
BGR Energy Systems Limited,NSE Equity,BGRENERGY,BE,INE661I01014
Bhagiradha Chemicals & Industries Limited,NSE Equity,BHAGCHEM,EQ,INE414D01027
Bhageria Industries Limited,NSE Equity,BHAGERIA,BE,INE354C01027
Bhagyanagar India Limited,NSE Equity,BHAGYANGR,BE,INE458B01036
Bhandari Hosiery Exports Limited,NSE Equity,BHANDARI,BE,INE474E01029
Bharat Coking Coal Limited,NSE Equity,BHARATCOAL,EQ,INE05XR01022
Bharat Forge Limited,Automobile and Auto Components,BHARATFORG,EQ,INE465A01025
Bharat Gears Limited,NSE Equity,BHARATGEAR,BE,INE561C01019
Bharat Rasayan Limited,NSE Equity,BHARATRAS,EQ,INE838B01021
Bharat Seats Limited,NSE Equity,BHARATSE,EQ,INE415D01024
Bharat Wire Ropes Limited,NSE Equity,BHARATWIRE,EQ,INE316L01019
Bharti Airtel Limited,Telecommunication,BHARTIARTL,EQ,INE397D01024
Bharti Hexacom Limited,Telecommunication,BHARTIHEXA,EQ,INE343G01021
Bharat Heavy Electricals Limited,Capital Goods,BHEL,EQ,INE257A01026
Bilcare Limited,NSE Equity,BI,EQ,INE986A01012
Bigbloc Construction Limited,NSE Equity,BIGBLOC,EQ,INE412U01025
Bikaji Foods International Limited,Fast Moving Consumer Goods,BIKAJI,EQ,INE00E101023
Bhartiya International Limited,NSE Equity,BIL,EQ,INE828A01016
BIL VYAPAR LIMITED,NSE Equity,BILVYAPAR,BE,INE071A01013
Bimetal Bearings Limited,NSE Equity,BIMETAL,EQ,INE469A01019
Biocon Limited,Healthcare,BIOCON,EQ,INE376G01013
Biofil Chemicals & Pharmaceuticals Limited,NSE Equity,BIOFILCHEM,EQ,INE829A01014
Birla Cable Limited,NSE Equity,BIRLACABLE,BE,INE800A01015
Birla Corporation Limited,NSE Equity,BIRLACORPN,EQ,INE340A01012
Aditya Birla Money Limited,NSE Equity,BIRLAMONEY,EQ,INE865C01022
BirlaNu Limited,NSE Equity,BIRLANU,EQ,INE557A01011
Birla Precision Technologies Limited,NSE Equity,BIRLAPREC,EQ,INE372E01025
BLACKBUCK LIMITED,NSE Equity,BLACKBUCK,EQ,INE0UIZ01018
Black Rose Inds. Limited,NSE Equity,BLACKROSE,BE,INE761G01016
BEML Land Assets Limited,NSE Equity,BLAL,EQ,INE0N7W01012
BLB Limited,NSE Equity,BLBLIMITED,EQ,INE791A01024
Balmer Lawrie Investments Limited,NSE Equity,BLIL,EQ,INE525F01025
Bliss GVS Pharma Limited,NSE Equity,BLISSGVS,BE,INE416D01022
B. L. Kashyap and Sons Limited,NSE Equity,BLKASHYAP,EQ,INE350H01032
BLS International Services Limited,Consumer Services,BLS,EQ,INE153T01027
BLS E-Services Limited,NSE Equity,BLSE,EQ,INE0NLT01010
Blue Chip India Limited,NSE Equity,BLUECHIP,BE,INE657B01025
Blue Coast Hotels Limited,NSE Equity,BLUECOAST,BE,INE472B01011
Blue Dart Express Limited,Services,BLUEDART,EQ,INE233B01017
Blue Jet Healthcare Limited,Healthcare,BLUEJET,EQ,INE0KBH01020
Blue Star Limited,Consumer Durables,BLUESTARCO,EQ,INE472A01039
BlueStone Jewellery and Lifestyle Limited,NSE Equity,BLUESTONE,EQ,INE304W01038
Bluspring Enterprises Limited,NSE Equity,BLUSPRING,EQ,INE0U4101014
BMW Ventures Limited,NSE Equity,BMWVENTLTD,EQ,INE965W01036
BN Agrochem Limited,NSE Equity,BNAGROCHEM,BE,INE00HZ01011
B & A Limited,NSE Equity,BNALTD,BE,INE489D01011
Bodal Chemicals Limited,NSE Equity,BODALCHEM,BE,INE338D01028
Bohra Industries Limited,NSE Equity,BOHRAIND,EQ,INE802W01023
Bombay Dyeing & Mfg Company Limited,NSE Equity,BOMDYEING,EQ,INE032A01023
Bonlon Industries Limited,NSE Equity,BONLON,EQ,INE0B9A01018
Borana Weaves Limited,NSE Equity,BORANA,EQ,INE16SF01016
Borosil Limited,NSE Equity,BOROLTD,EQ,INE02PY01013
BOROSIL RENEWABLES LIMITED,NSE Equity,BORORENEW,EQ,INE666D01022
Borosil Scientific Limited,NSE Equity,BOROSCI,EQ,INE02L001032
BOSCH HOME COMFORT INDIA LIMITED,NSE Equity,BOSCH-HCIL,EQ,INE782A01015
Bosch Limited,Automobile and Auto Components,BOSCHLTD,EQ,INE323A01026
Bharat Petroleum Corporation Limited,Oil Gas & Consumable Fuels,BPCL,EQ,INE029A01011
BPL Limited,NSE Equity,BPL,EQ,INE110A01019
Brigade Enterprises Limited,Realty,BRIGADE,EQ,INE791I01019
Brigade Hotel Ventures Limited,NSE Equity,BRIGHOTEL,EQ,INE03NU01014
Britannia Industries Limited,Fast Moving Consumer Goods,BRITANNIA,EQ,INE216A01030
Bharat Road Network Limited,NSE Equity,BRNL,EQ,INE727S01012
Brooks Laboratories Limited,NSE Equity,BROOKS,BE,INE650L01011
BSE Limited,Financial Services,BSE,EQ,INE118H01025
Bombay Super Hybrid Seeds Limited,NSE Equity,BSHSL,BE,INE032Z01020
BSL Limited,NSE Equity,BSL,EQ,INE594B01012
BIRLASOFT LIMITED,Information Technology,BSOFT,EQ,INE836A01035
Bodhi Tree Multimedia Limited,NSE Equity,BTML,EQ,INE0EEJ01023
Bhilwara Technical Textiles Limited,NSE Equity,BTTL,BE,INE274K01012
Shankara Buildpro Limited,NSE Equity,BUILDPRO,EQ,INE24OJ01011
Butterfly Gandhimathi Appliances Limited,NSE Equity,BUTTERFLY,EQ,INE295F01017
Barak Valley Cements Limited,NSE Equity,BVCL,EQ,INE139I01011
The Byke Hospitality Ltd,NSE Equity,BYKE,BE,INE319B01014
California Software Company Limited,NSE Equity,CALSOFT,BE,INE526B01014
Camlin Fine Sciences Limited,NSE Equity,CAMLINFINE,EQ,INE052I01032
Campus Activewear Limited,NSE Equity,CAMPUS,EQ,INE278Y01022
Computer Age Management Services Limited,Financial Services,CAMS,EQ,INE596I01020
Canara Bank,Financial Services,CANBK,EQ,INE476A01022
Can Fin Homes Limited,Financial Services,CANFINHOME,EQ,INE477A01020
Canara HSBC Life Insurance Company Limited,Financial Services,CANHLIFE,EQ,INE01TY01017
Cantabil Retail India Limited,NSE Equity,CANTABIL,EQ,INE068L01024
Capacit'e Infraprojects Limited,NSE Equity,CAPACITE,EQ,INE264T01014
Capillary Technologies India Limited,NSE Equity,CAPILLARY,EQ,INE0ILV01024
Capital Small Finance Bank Limited,NSE Equity,CAPITALSFB,EQ,INE646H01017
Caplin Point Laboratories Limited,Healthcare,CAPLIPOINT,EQ,INE475E01026
Capital Trust Limited,NSE Equity,CAPTRUST,EQ,INE707C01018
Carborundum Universal Limited,Capital Goods,CARBORUNIV,EQ,INE120A01034
CARE Ratings Limited,NSE Equity,CARERATING,EQ,INE752H01013
Carraro India Limited,NSE Equity,CARRARO,EQ,INE0V7W01012
Cartrade Tech Limited,Consumer Services,CARTRADE,EQ,INE290S01011
CARYSIL LIMITED,NSE Equity,CARYSIL,EQ,INE482D01024
Castrol India Limited,Oil Gas & Consumable Fuels,CASTROLIND,EQ,INE172A01027
AvenuesAI Limited,NSE Equity,CCAVENUE,EQ,INE483S01020
Consolidated Construction Consortium Limited,NSE Equity,CCCL,EQ,INE429I01024
Country Club Hospitality & Holidays Limited,NSE Equity,CCHHL,EQ,INE652F01027
CCL Products (India) Limited,Fast Moving Consumer Goods,CCL,EQ,INE421D01022
Central Depository Services (India) Limited,Financial Services,CDSL,EQ,INE736A01011
CEAT Limited,Automobile and Auto Components,CEATLTD,EQ,INE482A01020
Ceigall India Limited,NSE Equity,CEIGALL,EQ,INE0AG901020
Ceinsys Tech Limited,NSE Equity,CEINSYS,EQ,INE016Q01014
Celebrity Fashions Limited,NSE Equity,CELEBRITY,EQ,INE185H01016
Cello World Limited,NSE Equity,CELLO,EQ,INE0LMW01024
Cemindia Projects Limited,Construction,CEMPRO,EQ,INE686A01026
Century Enka Limited,NSE Equity,CENTENKA,EQ,INE485A01015
Century Extrusions Limited,NSE Equity,CENTEXT,EQ,INE281A01026
Central Bank of India,Financial Services,CENTRALBK,EQ,INE483A01010
Centrum Capital Limited,NSE Equity,CENTRUM,EQ,INE660C01027
Centum Electronics Limited,NSE Equity,CENTUM,EQ,INE320B01020
Century Plyboards (India) Limited,NSE Equity,CENTURYPLY,EQ,INE348B01021
Cera Sanitaryware Limited,NSE Equity,CERA,EQ,INE739E01017
CESC Limited,Power,CESC,EQ,INE486A01021
Concord Enviro Systems Limited,NSE Equity,CEWATER,EQ,INE037Z01029
Capri Global Capital Limited,Financial Services,CGCL,EQ,INE180C01042
CG Power and Industrial Solutions Limited,Capital Goods,CGPOWER,EQ,INE067A01029
Chalet Hotels Limited,Consumer Services,CHALET,EQ,INE427F01016
Chambal Fertilizers & Chemicals Limited,Chemicals,CHAMBLFERT,EQ,INE085A01013
Chembond Material Technologies Limited,NSE Equity,CHEMBOND,BE,INE995D01025
Chembond Chemicals Limited,NSE Equity,CHEMBONDCH,BE,INE0TGX01019
Chemcon Speciality Chemicals Limited,NSE Equity,CHEMCON,BE,INE03YM01018
Chemfab Alkalis Limited,NSE Equity,CHEMFAB,BE,INE783X01023
Chemplast Sanmar Limited,NSE Equity,CHEMPLASTS,EQ,INE488A01050
Chennai Petroleum Corporation Limited,Oil Gas & Consumable Fuels,CHENNPETRO,EQ,INE178A01016
Cheviot Company Limited,NSE Equity,CHEVIOT,EQ,INE974B01016
Choice International Limited,Financial Services,CHOICEIN,EQ,INE102B01014
Cholamandalam Investment and Finance Company Limited,Financial Services,CHOLAFIN,EQ,INE121A01024
Cholamandalam Financial Holdings Limited,Financial Services,CHOLAHLDNG,EQ,INE149A01033
CIE Automotive India Limited,Automobile and Auto Components,CIEINDIA,EQ,INE536H01010
Capital India Finance Limited,NSE Equity,CIFL,EQ,INE345H01024
Cineline India Limited,NSE Equity,CINELINE,EQ,INE704H01022
Cinevista Limited,NSE Equity,CINEVISTA,EQ,INE039B01026
Cipla Limited,Healthcare,CIPLA,EQ,INE059A01026
Clean Science and Technology Limited,Chemicals,CLEAN,EQ,INE227W01023
Clean Max Enviro Energy Solutions Limited,NSE Equity,CLEANMAX,EQ,INE647U01026
CL Educate Limited,NSE Equity,CLEDUCATE,BE,INE201M01029
Chaman Lal Setia Exports Limited,NSE Equity,CLSEL,EQ,INE419D01026
Caliber Mining and Logistics Limited,NSE Equity,CMLL,EQ,INE11XY01018
Central Mine Planning & Design Institute Limited,NSE Equity,CMPDI,EQ,INE05HV01027
CMR Green Technologies Limited,NSE Equity,CMRGREEN,EQ,INE00WV01027
CMS Info Systems Limited,NSE Equity,CMSINFO,EQ,INE925R01014
Creative Newtech Limited,NSE Equity,CNL,EQ,INE985W01018
Coal India Limited,Oil Gas & Consumable Fuels,COALINDIA,EQ,INE522F01014
Coastal Corporation Limited,NSE Equity,COASTCORP,EQ,INE377E01024
Cochin Shipyard Limited,Capital Goods,COCHINSHIP,EQ,INE704P01025
John Cockerill India Limited,NSE Equity,COCKERILL,EQ,INE515A01019
Coffee Day Enterprises Limited,NSE Equity,COFFEEDAY,BE,INE335K01011
Coforge Limited,Information Technology,COFORGE,EQ,INE591G01025
Cohance Lifesciences Limited,Healthcare,COHANCE,EQ,INE03QK01018
Colgate Palmolive (India) Limited,Fast Moving Consumer Goods,COLPAL,EQ,INE259A01022
Comfort Intech Limited,NSE Equity,COMFINTE,EQ,INE819A01049
Compucom Software Limited,NSE Equity,COMPUSOFT,EQ,INE453B01029
Commercial Syn Bags Limited,NSE Equity,COMSYN,EQ,INE073V01015
Container Corporation of India Limited,Services,CONCOR,EQ,INE111A01025
Concord Biotech Limited,Healthcare,CONCORDBIO,EQ,INE338H01029
Confidence Petroleum India Limited,NSE Equity,CONFIPET,EQ,INE552D01024
Consolidated Finvest & Holdings Limited,NSE Equity,CONSOFINVT,BE,INE025A01027
Control Print Limited,NSE Equity,CONTROLPR,EQ,INE663B01015
Coral India Finance & Housing Limited,NSE Equity,CORALFINAC,EQ,INE558D01021
Waterways Leisure Tourism Limited,NSE Equity,CORDELIA,EQ,INE0LZF01013
Cords Cable Industries Limited,NSE Equity,CORDSCABLE,BE,INE792I01017
Coromandel International Limited,Chemicals,COROMANDEL,EQ,INE169A01031
CORONA Remedies Limited,NSE Equity,CORONA,EQ,INE02ZQ01018
COSMO FIRST LIMITED,NSE Equity,COSMOFIRST,EQ,INE757A01017
Country Condo's Limited,NSE Equity,COUNCODOS,EQ,INE695B01025
CP Capital Limited,NSE Equity,CPCAP,BE,INE521J01018
Career Point Edutech Limited,NSE Equity,CPEDU,EQ,INE0P6P01016
Captain Polyplast Limited,NSE Equity,CPL,EQ,INE536P01021
Aditya Infotech Limited,Capital Goods,CPPLUS,EQ,INE819V01029
Craftsman Automation Limited,Automobile and Auto Components,CRAFTSMAN,EQ,INE00LO01017
Canara Robeco Asset Management Company Limited,NSE Equity,CRAMC,EQ,INE218I01013
Creative Eye Limited,NSE Equity,CREATIVEYE,EQ,INE230B01021
CREDITACCESS GRAMEEN LIMITED,Financial Services,CREDITACC,EQ,INE741K01010
Crest Ventures Limited,NSE Equity,CREST,EQ,INE559D01011
Crisil Limited,Financial Services,CRISIL,EQ,INE007A01025
Crizac Limited,NSE Equity,CRIZAC,EQ,INE0S4R01014
Crompton Greaves Consumer Electricals Limited,Consumer Durables,CROMPTON,EQ,INE299U01018
Crown Lifters Limited,NSE Equity,CROWN,EQ,INE491V01019
CSB Bank Limited,NSE Equity,CSBBANK,EQ,INE679A01013
CSL Finance Limited,NSE Equity,CSLFINANCE,EQ,INE718F01018
CSM Technologies Limited,NSE Equity,CSM,EQ,INE0ZK601013
Cambridge Technology Enterprises Limited,NSE Equity,CTE,EQ,INE627H01017
City Union Bank Limited,Financial Services,CUB,EQ,INE491A01021
Cubex Tubings Limited,NSE Equity,CUBEXTUB,EQ,INE144D01012
Cummins India Limited,Capital Goods,CUMMINSIND,EQ,INE298A01020
Cupid Limited,NSE Equity,CUPID,EQ,INE509F01029
Cura Technologies Limited,NSE Equity,CURAA,EQ,INE117B01020
Cyber Media (India) Limited,NSE Equity,CYBERMEDIA,BE,INE278G01037
Cybertech Systems And Software Limited,NSE Equity,CYBERTECH,BE,INE214A01019
Cyient Limited,Information Technology,CYIENT,EQ,INE136B01020
Cyient DLM Limited,NSE Equity,CYIENTDLM,EQ,INE055S01018
Dabur India Limited,Fast Moving Consumer Goods,DABUR,EQ,INE016A01026
Dai-Ichi Karkaria Limited,NSE Equity,DAICHI,BE,INE928C01010
Dalmia Bharat Limited,Construction Materials,DALBHARAT,EQ,INE00R701025
Dalmia Bharat Sugar and Industries Limited,NSE Equity,DALMIASUG,EQ,INE495A01022
Dam Capital Advisors Limited,NSE Equity,DAMCAPITAL,EQ,INE284H01025
Damodar Industries Limited,NSE Equity,DAMODARIND,BE,INE497D01022
Dangee Dums Limited,NSE Equity,DANGEE,EQ,INE688Y01022
Datamatics Global Services Limited,NSE Equity,DATAMATICS,EQ,INE365B01017
Data Patterns (India) Limited,Capital Goods,DATAPATTNS,EQ,INE0IX101010
Davangere Sugar Company Limited,NSE Equity,DAVANGERE,EQ,INE179G01029
D.B.Corp Limited,NSE Equity,DBCORP,EQ,INE950I01011
Deepak Builders & Engineers India Limited,NSE Equity,DBEIL,BE,INE0OPA01027
Dilip Buildcon Limited,NSE Equity,DBL,EQ,INE917M01012
Dhampur Bio Organics Limited,NSE Equity,DBOL,EQ,INE0I3401014
Valor Estate Limited,NSE Equity,DBREALTY,BE,INE879I01012
DB (International) Stock Brokers Limited,NSE Equity,DBSTOCKBRO,BE,INE921B01025
Dishman Carbogen Amcis Limited,NSE Equity,DCAL,EQ,INE385W01011
DCB Bank Limited,NSE Equity,DCBBANK,EQ,INE503A01015
Dc Infotech And Communication Limited,NSE Equity,DCI,EQ,INE0A1101019
DCM  Limited,NSE Equity,DCM,BE,INE498A01018
DCM Financial Services Limited,NSE Equity,DCMFINSERV,EQ,INE891B01012
DCM Nouvelle Limited,NSE Equity,DCMNVL,BE,INE08KP01019
DCM Shriram Limited,Diversified,DCMSHRIRAM,EQ,INE499A01024
DCM Shriram International Limited,NSE Equity,DCMSIL,BE,INE0OU201013
DCM Shriram Industries Limited,NSE Equity,DCMSRIND,EQ,INE843D01027
DCW Limited,NSE Equity,DCW,EQ,INE500A01029
DCX Systems Limited,NSE Equity,DCXINDIA,EQ,INE0KL801015
Ddev Plastiks Industries Limited,NSE Equity,DDEVPLSTIK,EQ,INE0HR601026
Deccan Cements Limited,NSE Equity,DECCANCE,EQ,INE583C01021
Deccan Gold Mines Limited,NSE Equity,DECNGOLD,EQ,INE945F01025
DEE Development Engineers Limited,NSE Equity,DEEDEV,BE,INE841L01016
Deepak Fertilizers and Petrochemicals Corporation Limited,Chemicals,DEEPAKFERT,EQ,INE501A01019
Deepak Nitrite Limited,Chemicals,DEEPAKNTR,EQ,INE288B01029
Deep Industries Limited,NSE Equity,DEEPINDS,EQ,INE0FHS01024
Delhivery Limited,Services,DELHIVERY,EQ,INE148O01028
DELPHI WORLD MONEY LIMITED,NSE Equity,DELPHIFX,BE,INE726L01027
Delta Corp Limited,NSE Equity,DELTACORP,EQ,INE124G01033
Delta Manufacturing Limited,NSE Equity,DELTAMAGNT,EQ,INE393A01011
Den Networks Limited,NSE Equity,DEN,EQ,INE947J01015
De Nora India Limited,NSE Equity,DENORA,EQ,INE244A01016
Denta Water and Infra Solutions Limited,NSE Equity,DENTA,EQ,INE0R4L01018
Dev Information Technology Limited,NSE Equity,DEVIT,EQ,INE060X01034
Dev Accelerator Limited,NSE Equity,DEVX,EQ,INE0VOV01021
Devyani International Limited,Consumer Services,DEVYANI,EQ,INE872J01023
Digicontent Limited,NSE Equity,DGCONTENT,EQ,INE03JI01017
Dhampur Sugar Mills Limited,NSE Equity,DHAMPURSUG,EQ,INE041A01016
Dhanlaxmi Bank Limited,NSE Equity,DHANBANK,EQ,INE680A01011
Dhanuka Agritech Limited,NSE Equity,DHANUKA,EQ,INE435G01025
Dharmaj Crop Guard Limited,NSE Equity,DHARMAJ,EQ,INE00OQ01016
Dhruv Consultancy Services Limited,NSE Equity,DHRUV,BE,INE506Z01015
Dhunseri Investments Limited,NSE Equity,DHUNINV,EQ,INE320L01011
Diamond Power Infrastructure Limited,NSE Equity,DIACABS,EQ,INE989C01038
Diamines & Chemicals Limited,NSE Equity,DIAMINESQ,EQ,INE591D01014
Prataap Snacks Limited,NSE Equity,DIAMONDYD,EQ,INE393P01035
DIC India Limited,NSE Equity,DICIND,EQ,INE303A01010
Diffusion Engineers Limited,NSE Equity,DIFFNKG,EQ,INE184O01015
Digidrive Distributors Limited,NSE Equity,DIGIDRIVE,EQ,INE0PSC01024
DiGiSPICE Technologies Limited,NSE Equity,DIGISPICE,BE,INE927C01020
Digitide Solutions Limited,NSE Equity,DIGITIDE,EQ,INE0U4701011
Digjam Limited,NSE Equity,DIGJAMLMTD,EQ,INE731U01028
Disa India Limited,NSE Equity,DISAQ,EQ,INE131C01011
Dish TV India Limited,NSE Equity,DISHTV,BE,INE836F01026
Divgi Torqtransfer Systems Limited,NSE Equity,DIVGIITTS,EQ,INE753U01022
Divi's Laboratories Limited,Healthcare,DIVISLAB,EQ,INE361B01024
Dixon Technologies (India) Limited,Consumer Durables,DIXON,EQ,INE935N01020
DJ Mediaprint & Logistics Limited,NSE Equity,DJML,EQ,INE0B1K01014
DLF Limited,Realty,DLF,EQ,INE271C01023
D-Link (India) Limited,NSE Equity,DLINKINDIA,EQ,INE250K01012
Avenue Supermarts Limited,Consumer Services,DMART,EQ,INE192R01011
DMCC SPECIALITY CHEMICALS LIMITED,NSE Equity,DMCC,EQ,INE505A01010
Diligent Media Corporation Limited,NSE Equity,DNAMEDIA,EQ,INE016M01021
Dodla Dairy Limited,NSE Equity,DODLA,EQ,INE021O01019
Dolat Algotech Limited,NSE Equity,DOLATALGO,EQ,INE966A01022
Dollar Industries Limited,NSE Equity,DOLLAR,EQ,INE325C01035
Dolphin Offshore Enterprises (India) Limited,NSE Equity,DOLPHIN,EQ,INE920A01037
DOMS Industries Limited,Fast Moving Consumer Goods,DOMS,EQ,INE321T01012
Donear Industries Limited,NSE Equity,DONEAR,EQ,INE668D01028
D. P. Abhushan Limited,NSE Equity,DPABHUSHAN,EQ,INE266Y01019
DPSC Limited,NSE Equity,DPSCLTD,BE,INE360C01024
D P Wires Limited,NSE Equity,DPWIRES,BE,INE864X01013
Dr Agarwals Eye Hospital Limited,NSE Equity,DRAGARWQ,EQ,INE934C01018
DRC Systems India Limited,NSE Equity,DRCSYSTEMS,EQ,INE03RS01027
Dreamfolks Services Limited,NSE Equity,DREAMFOLKS,EQ,INE0JS101016
Dredging Corporation of India Limited,NSE Equity,DREDGECORP,EQ,INE506A01018
Dr. Reddy's Laboratories Limited,Healthcare,DRREDDY,EQ,INE089A01031
DCM Shriram Fine Chemicals Limited,NSE Equity,DSFCL,BE,INE0OFM01015
Dynacons Systems & Solutions Limited,NSE Equity,DSSL,EQ,INE417B01040
Dhunseri Tea & Industries Limited,NSE Equity,DTIL,EQ,INE341R01014
Ducon Infratechnologies Limited,NSE Equity,DUCON,EQ,INE741L01018
Dhunseri Ventures Limited,NSE Equity,DVL,EQ,INE477B01010
Dwarikesh Sugar Industries Limited,NSE Equity,DWARKESH,EQ,INE366A01041
Dynamic Cables Limited,NSE Equity,DYCL,EQ,INE600Y01019
Dynamatic Technologies Limited,NSE Equity,DYNAMATECH,EQ,INE221B01012
Dynemic Products Limited,NSE Equity,DYNPRO,EQ,INE256H01015
E2E Networks Limited,NSE Equity,E2E,EQ,INE255Z01027
Easy Trip Planners Limited,NSE Equity,EASEMYTRIP,EQ,INE07O001026
Eastern Silk Industries Limited,NSE Equity,EASTSILK,BE,INE962C01035
GNG Electronics Limited,NSE Equity,EBGNG,EQ,INE18JU01028
eClerx Services Limited,Services,ECLERX,EQ,INE738I01010
Ecos (India) Mobility & Hospitality Limited,NSE Equity,ECOSMOBLTY,BE,INE06HJ01020
Edelweiss Financial Services Limited,NSE Equity,EDELWEISS,EQ,INE532F01054
EFC (I) Limited,NSE Equity,EFCIL,EQ,INE886D01026
Eicher Motors Limited,Automobile and Auto Components,EICHERMOT,EQ,INE066A01021
EID Parry India Limited,Fast Moving Consumer Goods,EIDPARRY,EQ,INE126A01031
Enviro Infra Engineers Limited,NSE Equity,EIEL,EQ,INE0LLY01014
Euro India Fresh Foods Limited,NSE Equity,EIFFL,BE,INE546V01010
EIH Associated Hotels Limited,NSE Equity,EIHAHOTELS,EQ,INE276C01014
EIH Limited,Consumer Services,EIHOTEL,EQ,INE230A01023
Eimco Elecon (India) Limited,NSE Equity,EIMCOELECO,EQ,INE158B01016
Everest Kanto Cylinder Limited,NSE Equity,EKC,EQ,INE184H01027
Elantas Beck India Limited,NSE Equity,ELANTAS,EQ,INE280B01018
EL CID Investments Limited,NSE Equity,ELCIDIN,EQ,INE927X01018
Eldeco Housing And Industries Limited,NSE Equity,ELDEHSG,EQ,INE668G01021
Elecon Engineering Company Limited,Capital Goods,ELECON,EQ,INE205B01031
Electrosteel Castings Limited,NSE Equity,ELECTCAST,EQ,INE086A01029
Electrotherm (India) Limited,NSE Equity,ELECTHERM,EQ,INE822G01016
Elgi Equipments Limited,Capital Goods,ELGIEQUIP,EQ,INE285A01027
Elgi Rubber Company Limited,NSE Equity,ELGIRUBCO,EQ,INE819L01012
Elin Electronics Limited,NSE Equity,ELIN,EQ,INE050401020
Elitecon International Limited,NSE Equity,ELITECON,EQ,INE669R01026
Ellenbarrie Industrial Gases Limited,NSE Equity,ELLEN,EQ,INE236E01022
Elpro International Limited,NSE Equity,ELPROINTL,EQ,INE579B01039
Emami Limited,Fast Moving Consumer Goods,EMAMILTD,EQ,INE548C01032
Emami Paper Mills Limited,NSE Equity,EMAMIPAP,BE,INE830C01026
Emami Realty Limited,NSE Equity,EMAMIREAL,BE,INE778K01012
Embassy Developments Limited,NSE Equity,EMBDL,EQ,INE069I01010
Emcure Pharmaceuticals Limited,Healthcare,EMCURE,EQ,INE168P01015
Electronics Mart India Limited,NSE Equity,EMIL,EQ,INE02YR01019
Emkay Global Financial Services Limited,NSE Equity,EMKAY,EQ,INE296H01011
Emmbi Industries Limited,NSE Equity,EMMBI,BE,INE753K01015
Emmvee Photovoltaic Power Limited,Capital Goods,EMMVEE,EQ,INE1C6T01020
Empower India Limited,NSE Equity,EMPOWER,BE,INE507F01023
EMS Limited,NSE Equity,EMSLIMITED,EQ,INE0OV601013
eMudhra Limited,NSE Equity,EMUDHRA,EQ,INE01QM01018
Endurance Technologies Limited,Automobile and Auto Components,ENDURANCE,EQ,INE913H01037
Energy Development Company Limited,NSE Equity,ENERGYDEV,EQ,INE306C01019
Engineers India Limited,Construction,ENGINERSIN,EQ,INE510A01028
Entertainment Network (India) Limited,NSE Equity,ENIL,EQ,INE265F01028
Siemens Energy India Limited,Capital Goods,ENRIN,EQ,INE1NPP01017
Entero Healthcare Solutions Limited,NSE Equity,ENTERO,EQ,INE010601016
EPACK Durable Limited,NSE Equity,EPACK,EQ,INE0G5901015
EPack Prefab Technologies Limited,NSE Equity,EPACKPEB,EQ,INE0MLS01022
Epigral Limited,NSE Equity,EPIGRAL,EQ,INE071N01016
EPL Limited,NSE Equity,EPL,EQ,INE255A01020
Equippp Social Impact Technologies Limited,NSE Equity,EQUIPPP,BE,INE217G01035
Equitas Small Finance Bank Limited,NSE Equity,EQUITASBNK,EQ,INE063P01018
Eris Lifesciences Limited,Healthcare,ERIS,EQ,INE406M01024
Esab India Limited,NSE Equity,ESABINDIA,EQ,INE284A01012
ESAF Small Finance Bank Limited,NSE Equity,ESAFSFB,EQ,INE818W01011
Escorts Kubota Limited,Capital Goods,ESCORTS,EQ,INE042A01014
Essar Shipping Limited,NSE Equity,ESSARSHPNG,EQ,INE122M01019
Integra Essentia Limited,NSE Equity,ESSENTIA,BE,INE418N01035
Ester Industries Limited,NSE Equity,ESTER,EQ,INE778B01029
ETERNAL LIMITED,Consumer Services,ETERNAL,EQ,INE758T01015
Ethos Limited,NSE Equity,ETHOSLTD,EQ,INE04TZ01018
Eureka Forbes Limited,NSE Equity,EUREKAFORB,EQ,INE0KCE01017
Euro Panel Products Limited,NSE Equity,EUROBOND,EQ,INE505V01016
Euro Pratik Sales Limited,NSE Equity,EUROPRATIK,EQ,INE198501012
Eurotex Industries and Exports Limited,NSE Equity,EUROTEXIND,BE,INE022C01012
Eveready Industries India Limited,NSE Equity,EVEREADY,EQ,INE128A01029
Everest Industries Limited,NSE Equity,EVERESTIND,BE,INE295A01018
Excel Industries Limited,NSE Equity,EXCELINDUS,EQ,INE369A01029
Excelsoft Technologies Limited,NSE Equity,EXCELSOFT,EQ,INE606N01019
Exicom Tele-Systems Limited,NSE Equity,EXICOM,EQ,INE777F01014
Exide Industries Limited,Automobile and Auto Components,EXIDEIND,EQ,INE302A01020
Expleo Solutions Limited,NSE Equity,EXPLEOSOL,EQ,INE201K01015
Exxaro Tiles Limited,NSE Equity,EXXARO,EQ,INE0GFE01026
Fabtech Technologies Limited,NSE Equity,FABTECH,EQ,INE0HF201011
Fertilizers and Chemicals Travancore Limited,Chemicals,FACT,EQ,INE188A01015
Fairchem Organics Limited,NSE Equity,FAIRCHEMOR,BE,INE0DNW01011
Faze Three Limited,NSE Equity,FAZE3Q,EQ,INE963C01033
Fineotex Chemical Limited,NSE Equity,FCL,EQ,INE045J01034
FCS Software Solutions Limited,NSE Equity,FCSSOFT,EQ,INE512B01022
FDC Limited,NSE Equity,FDC,EQ,INE258B01022
Fedders Holding Limited,NSE Equity,FEDDERSHOL,EQ,INE417D01020
The Federal Bank  Limited,Financial Services,FEDERALBNK,EQ,INE171A01029
Fedbank Financial Services Limited,NSE Equity,FEDFINA,EQ,INE007N01010
Fermenta Biotech Limited,NSE Equity,FERMENTA,EQ,INE225B01021
Fiberweb (India) Limited,NSE Equity,FIBERWEB,EQ,INE296C01020
Fiem Industries Limited,NSE Equity,FIEMIND,EQ,INE737H01014
Filatex India Limited,NSE Equity,FILATEX,EQ,INE816B01035
Filatex Fashions Limited,NSE Equity,FILATFASH,BE,INE185E01021
Finolex Cables Limited,Capital Goods,FINCABLES,EQ,INE235A01022
Fine Organic Industries Limited,NSE Equity,FINEORG,EQ,INE686Y01026
Finkurve Financial Services Limited,NSE Equity,FINKURVE,EQ,INE734I01027
Fino Payments Bank Limited,NSE Equity,FINOPB,EQ,INE02NC01014
Finolex Industries Limited,NSE Equity,FINPIPE,EQ,INE183A01024
Brainbees Solutions Limited,Consumer Services,FIRSTCRY,EQ,INE02RE01045
Fischer Medical Ventures Limited,NSE Equity,FISCHER,EQ,INE771F01041
Five-Star Business Finance Limited,Financial Services,FIVESTAR,EQ,INE128S01021
Flair Writing Industries Limited,NSE Equity,FLAIR,EQ,INE00Y201027
Flexituff Ventures International Limited,NSE Equity,FLEXITUFF,BE,INE060J01017
Gujarat Fluorochemicals Limited,Chemicals,FLUOROCHEM,EQ,INE09N301011
Federal-Mogul Goetze (India) Limited.,NSE Equity,FMGOETZE,EQ,INE529A01010
Future Market Networks Limited,NSE Equity,FMNL,BE,INE360L01017
Focus Lighting and Fixtures Limited,NSE Equity,FOCUS,BE,INE593W01028
Foods & Inns Limited,NSE Equity,FOODSIN,EQ,INE976E01023
FORCE MOTORS LTD,Automobile and Auto Components,FORCEMOT,EQ,INE451A01017
Fortis Healthcare Limited,Healthcare,FORTIS,EQ,INE061F01013
Foseco India Limited,NSE Equity,FOSECOIND,EQ,INE519A01011
Fractal Analytics Limited,NSE Equity,FRACTAL,EQ,INE212S01015
Frontier Springs Limited,NSE Equity,FRONTSP,EQ,INE572D01014
Firstsource Solutions Limited,Services,FSL,EQ,INE684F01012
Fusion Finance Limited,NSE Equity,FUSION,EQ,INE139R01012
Gabriel India Limited,Automobile and Auto Components,GABRIEL,EQ,INE524A01029
Gujarat Ambuja Exports Limited,NSE Equity,GAEL,EQ,INE036B01030
GAIL (India) Limited,Oil Gas & Consumable Fuels,GAIL,EQ,INE129A01019
Gala Precision Engineering Limited,NSE Equity,GALAPREC,EQ,INE0RE001014
Galaxy Surfactants Limited,NSE Equity,GALAXYSURF,EQ,INE600K01018
Gallantt Ispat Limited,Capital Goods,GALLANTT,EQ,INE297H01019
Gandhar Oil Refinery (India) Limited,NSE Equity,GANDHAR,EQ,INE717W01049
Gandhi Special Tubes Limited,NSE Equity,GANDHITUBE,EQ,INE524B01027
Ganesha Ecosphere Limited,NSE Equity,GANECOS,EQ,INE845D01014
Ganesh Benzoplast Limited,NSE Equity,GANESHBE,EQ,INE388A01029
Ganesh Consumer Products Limited,NSE Equity,GANESHCP,EQ,INE652V01016
GANESH HOUSING LIMITED,NSE Equity,GANESHHOU,EQ,INE460C01014
Ganga Forging Limited,NSE Equity,GANGAFORGE,BE,INE691Z01023
Ganges Securities Limited,NSE Equity,GANGESSECU,EQ,INE335W01016
Garware Technical Fibres Limited,NSE Equity,GARFIBRES,EQ,INE276A01018
Garuda Construction and Engineering Limited,NSE Equity,GARUDA,EQ,INE0JVO01026
GACM Technologies Limited,NSE Equity,GATECH,EQ,INE224E01028
GACM Technologies Limited,NSE Equity,GATECHDVR,EQ,INE224E01036
Gateway Distriparks Limited,NSE Equity,GATEWAY,EQ,INE079J01017
Gaudium IVF and Women Health Limited,NSE Equity,GAUDIUMIVF,BE,INE0P8B01020
Gayatri Highways Limited,NSE Equity,GAYAHWS,EQ,INE287Z01012
Gayatri Projects Limited,NSE Equity,GAYAPROJ,BE,INE336H01023
Gretex Corporate Services Limited,NSE Equity,GCSL,EQ,INE199P01028
GeeCee Ventures Limited,NSE Equity,GEECEE,BE,INE916G01016
Geekay Wires Limited,NSE Equity,GEEKAYWIRE,EQ,INE669X01032
Gem Aromatics Limited,NSE Equity,GEMAROMA,EQ,INE06XZ01023
Generic Engineering Construction and Projects Limited,NSE Equity,GENCON,EQ,INE854S01022
Genesys International Corporation Limited,NSE Equity,GENESYS,EQ,INE727B01026
Genus Paper & Boards Limited,NSE Equity,GENUSPAPER,EQ,INE949P01018
Genus Power Infrastructures Limited,NSE Equity,GENUSPOWER,EQ,INE955D01029
Geojit Financial Services Limited,NSE Equity,GEOJITFSL,EQ,INE007B01023
The Great Eastern Shipping Company Limited,Services,GESHIP,EQ,INE017A01032
GFL Limited,NSE Equity,GFLLIMITED,EQ,INE538A01037
GHCL Limited,NSE Equity,GHCL,EQ,INE539A01019
GHCL Textiles Limited,NSE Equity,GHCLTEXTIL,EQ,INE0PA801013
GIC Housing Finance Limited,NSE Equity,GICHSGFIN,EQ,INE289B01019
Globe International Carriers Limited,NSE Equity,GICL,EQ,INE947T01022
General Insurance Corporation of India,Financial Services,GICRE,EQ,INE481Y01014
Gillanders Arbuthnot & Company Limited,NSE Equity,GILLANDERS,EQ,INE047B01011
Gillette India Limited,Fast Moving Consumer Goods,GILLETTE,EQ,INE322A01010
Ginni Filaments Limited,NSE Equity,GINNIFILA,BE,INE424C01010
Gujarat Industries Power Company Limited,NSE Equity,GIPCL,EQ,INE162A01010
GK Energy Limited,NSE Equity,GKENERGY,EQ,INE1AG301022
Gujarat Kidney And Super Speciality Limited,NSE Equity,GKSL,EQ,INE0V0W01025
GKW Limited,NSE Equity,GKWLIMITED,EQ,INE528A01020
Gland Pharma Limited,Healthcare,GLAND,EQ,INE068V01023
GlaxoSmithKline Pharmaceuticals Limited,Healthcare,GLAXO,EQ,INE159A01016
Glenmark Pharmaceuticals Limited,Healthcare,GLENMARK,EQ,INE935A01035
Gujarat Lease Financing Limited,NSE Equity,GLFL,BE,INE540A01017
Global Education Limited,NSE Equity,GLOBAL,EQ,INE291W01037
Globale Tessile Limited,NSE Equity,GLOBALE,BE,INE0URU01010
Global Vectra Helicorp Limited,NSE Equity,GLOBALVECT,EQ,INE792H01019
GLOBE ENTERPRISES (INDIA) LIMITED,NSE Equity,GLOBE,EQ,INE581X01021
Globe Civil Projects Limited,NSE Equity,GLOBECIVIL,EQ,INE0V3U01015
Globus Spirits Limited,NSE Equity,GLOBUSSPR,EQ,INE615I01010
Gloster Limited,NSE Equity,GLOSTERLTD,EQ,INE350Z01018
Glottis Limited,NSE Equity,GLOTTIS,BE,INE0TQE01026
GM Breweries Limited,NSE Equity,GMBREW,EQ,INE075D01018
Gujarat Mineral Development Corporation Limited,Metals & Mining,GMDCLTD,EQ,INE131A01031
GMM Pfaudler Limited,NSE Equity,GMMPFAUDLR,EQ,INE541A01023
GMR AIRPORTS LIMITED,Services,GMRAIRPORT,EQ,INE776C01039
GMR Power and Urban Infra Limited,NSE Equity,GMRP&UI,EQ,INE0CU601026
GNA Axles Limited,NSE Equity,GNA,EQ,INE934S01014
Gujarat Narmada Valley Fertilizers and Chemicals Limited,NSE Equity,GNFC,EQ,INE113A01013
Gujarat Natural Resources Limited,NSE Equity,GNRL,EQ,INE207H01018
Goa Carbon Limited,NSE Equity,GOACARBON,EQ,INE426D01013
GOCL Corporation Limited,NSE Equity,GOCLCORP,EQ,INE077F01035
Go Fashion (India) Limited,NSE Equity,GOCOLORS,EQ,INE0BJS01011
Godavari Biorefineries Limited,NSE Equity,GODAVARIB,EQ,INE497S01012
Godfrey Phillips India Limited,Fast Moving Consumer Goods,GODFRYPHLP,EQ,INE260B01028
Go Digit General Insurance Limited,Financial Services,GODIGIT,EQ,INE03JT01014
Godrej Agrovet Limited,NSE Equity,GODREJAGRO,EQ,INE850D01014
Godrej Consumer Products Limited,Fast Moving Consumer Goods,GODREJCP,EQ,INE102D01028
Godrej Industries Limited,Diversified,GODREJIND,EQ,INE233A01035
Godrej Properties Limited,Realty,GODREJPROP,EQ,INE484J01027
Gokaldas Exports Limited,NSE Equity,GOKEX,EQ,INE887G01027
Gokul Refoils and Solvent Limited,NSE Equity,GOKUL,EQ,INE020J01029
Gokul Agro Resources Limited,NSE Equity,GOKULAGRO,EQ,INE314T01033
Goldiam International Limited,NSE Equity,GOLDIAM,EQ,INE025B01025
AION-TECH SOLUTIONS LIMITED,NSE Equity,GOLDTECH,BE,INE805A01014
Goodluck India Limited,NSE Equity,GOODLUCK,EQ,INE127I01024
Goodyear India Limited,NSE Equity,GOODYEAR,EQ,INE533A01012
Gopal Snacks Limited,NSE Equity,GOPAL,EQ,INE0L9R01028
Goyal Aluminiums Limited,NSE Equity,GOYALALUM,EQ,INE705X01026
Godawari Power And Ispat limited,Capital Goods,GPIL,EQ,INE177H01039
Gujarat Pipavav Port Limited,NSE Equity,GPPL,EQ,INE517F01014
GPT Healthcare Limited,NSE Equity,GPTHEALTH,EQ,INE486R01017
GPT Infraprojects Limited,NSE Equity,GPTINFRA,EQ,INE390G01014
Gradiente Infotainment Limited,NSE Equity,GRADIENTE,BE,INE361K01017
Grand Oak Canyons Distillery Limited,NSE Equity,GRANDOAK,EQ,INE926B01016
Granules India Limited,Healthcare,GRANULES,EQ,INE101D01020
Graphite India Limited,Capital Goods,GRAPHITE,EQ,INE371A01025
Grasim Industries Limited,Construction Materials,GRASIM,EQ,INE047A01021
Grauer & Weil India Limited,NSE Equity,GRAUWEIL,EQ,INE266D01021
Graviss Hospitality Limited,NSE Equity,GRAVISSHO,EQ,INE214F01026
Gravita India Limited,Metals & Mining,GRAVITA,EQ,INE024L01027
Greaves Cotton Limited,NSE Equity,GREAVESCOT,EQ,INE224A01026
Greenlam Industries Limited,NSE Equity,GREENLAM,EQ,INE544R01021
Greenpanel Industries Limited,NSE Equity,GREENPANEL,EQ,INE08ZM01014
Greenply Industries Limited,NSE Equity,GREENPLY,EQ,INE461C01038
Orient Green Power Company Limited,NSE Equity,GREENPOWER,EQ,INE999K01014
Grindwell Norton Limited,NSE Equity,GRINDWELL,EQ,INE536A01023
G R Infraprojects Limited,NSE Equity,GRINFRA,EQ,INE201P01022
GRM Overseas Limited,NSE Equity,GRMOVER,EQ,INE192H01020
The Grob Tea Company Limited,NSE Equity,GROBTEA,EQ,INE646C01018
Billionbrains Garage Ventures Limited,Financial Services,GROWW,EQ,INE0HOQ01053
GRP Limited,NSE Equity,GRPLTD,EQ,INE137I01015
Garden Reach Shipbuilders & Engineers Limited,Capital Goods,GRSE,EQ,INE382Z01011
Garware Hi-Tech Films Limited,NSE Equity,GRWRHITECH,EQ,INE291A01017
Gujarat State Fertilizers & Chemicals Limited,NSE Equity,GSFC,EQ,INE026A01025
Global Surfaces Limited,NSE Equity,GSLSU,EQ,INE0JSX01015
GSP Crop Science Limited,NSE Equity,GSPCROP,EQ,INE713R01022
GSS Infotech Limited,NSE Equity,GSS,EQ,INE871H01011
G-TEC JAINX EDUCATION LIMITED,NSE Equity,GTECJAINX,BE,INE586X01012
GTL Limited,NSE Equity,GTL,EQ,INE043A01012
GTL Infrastructure Limited,NSE Equity,GTLINFRA,EQ,INE221H01019
GTPL Hathway Limited,NSE Equity,GTPL,EQ,INE869I01013
Gufic Biosciences Limited,NSE Equity,GUFICBIO,EQ,INE742B01025
Gujarat Alkalies and Chemicals Limited,NSE Equity,GUJALKALI,EQ,INE186A01019
Gujarat Apollo Industries Limited,NSE Equity,GUJAPOLLO,EQ,INE826C01016
GUJARAT ENERGY LIMITED,NSE Equity,GUJENERGY,EQ,INE844O01030
Gujarat Raffia Industries Limited,NSE Equity,GUJRAFFIA,EQ,INE610B01024
Gujarat Themis Biosyn Limited,NSE Equity,GUJTHEM,EQ,INE942C01045
Gulf Oil Lubricants India Limited,NSE Equity,GULFOILLUB,EQ,INE635Q01029
GP Petroleums Limited,NSE Equity,GULFPETRO,BE,INE586G01017
Gulshan Polyols Limited,NSE Equity,GULPOLY,EQ,INE255D01024
GVK Power & Infrastructure Limited,NSE Equity,GVKPIL,BE,INE251H01024
GE Power India Limited,NSE Equity,GVPIL,EQ,INE878A01011
GVP Infotech Limited,NSE Equity,GVPTECH,EQ,INE382T01030
GE Vernova T&D India Limited,Capital Goods,GVT&D,EQ,INE200A01026
Gyftr Limited,NSE Equity,GYFTR,EQ,INE724A01017
Hindustan Aeronautics Limited,Capital Goods,HAL,EQ,INE066F01020
Halder Venture Limited,NSE Equity,HALDER,EQ,INE115S01010
Haldyn Glass Limited,NSE Equity,HALDYNGL,BE,INE506D01020
HALEOS LABS LIMITED,NSE Equity,HALEOSLABS,EQ,INE320X01016
Happiest Minds Technologies Limited,NSE Equity,HAPPSTMNDS,EQ,INE419U01012
Happy Forgings Limited,NSE Equity,HAPPYFORGE,EQ,INE330T01021
Hardwyn India Limited,NSE Equity,HARDWYN,EQ,INE626Z01029
Hariom Pipe Industries Limited,NSE Equity,HARIOMPIPE,EQ,INE00EV01017
Harrisons  Malayalam Limited,NSE Equity,HARRMALAYA,EQ,INE544A01019
Harsha Engineers International Limited,NSE Equity,HARSHA,EQ,INE0JUS01029
Hathway Cable & Datacom Limited,NSE Equity,HATHWAY,EQ,INE982F01036
Hatsun Agro Product Limited,NSE Equity,HATSUN,EQ,INE473B01035
Havells India Limited,Consumer Durables,HAVELLS,EQ,INE176B01034
Sri Havisha Hospitality and Infrastructure Limited,NSE Equity,HAVISHA,EQ,INE293B01029
Hawkins Cookers Limited,NSE Equity,HAWKINCOOK,EQ,INE979B01015
HB Estate Developers Limited,NSE Equity,HBESD,EQ,INE640B01021
HBL Engineering Limited,Capital Goods,HBLENGINE,EQ,INE292B01021
HB Stockholdings Limited,NSE Equity,HBSL,BE,INE550B01022
Hindustan Construction Company Limited,NSE Equity,HCC,EQ,INE549A01026
Healthcare Global Enterprises Limited,NSE Equity,HCG,EQ,INE075I01017
HCL Infosystems Limited,NSE Equity,HCL-INSYS,EQ,INE236A01020
HCL Technologies Limited,Information Technology,HCLTECH,EQ,INE860A01027
HDB Financial Services Limited,Financial Services,HDBFS,EQ,INE756I01012
HDFC Asset Management Company Limited,Financial Services,HDFCAMC,EQ,INE127D01025
HDFC Bank Limited,Financial Services,HDFCBANK,EQ,INE040A01034
HDFC Life Insurance Company Limited,Financial Services,HDFCLIFE,EQ,INE795G01014
Heads UP Ventures Limited,NSE Equity,HEADSUP,EQ,INE759V01019
Health X Platform Limited,NSE Equity,HEALTHX,EQ,INE019J01013
HEC Infra Projects Limited,NSE Equity,HECPROJECT,EQ,INE558R01013
HEG Limited,Capital Goods,HEG,EQ,INE545A01024
HeidelbergCement India Limited,NSE Equity,HEIDELBERG,EQ,INE578A01017
Hemisphere Properties India Limited,NSE Equity,HEMIPROP,EQ,INE0AJG01018
Heranba Industries Limited,NSE Equity,HERANBA,EQ,INE694N01015
Heritage Foods Limited,NSE Equity,HERITGFOOD,EQ,INE978A01027
Hero MotoCorp Limited,Automobile and Auto Components,HEROMOTOCO,EQ,INE158A01026
Hester Biosciences Limited,NSE Equity,HESTERBIO,EQ,INE782E01017
Hexagon Nutrition Limited,NSE Equity,HEXAGON,BE,INE0JUI01012
Hexa Tradex Limited,NSE Equity,HEXATRADEX,EQ,INE750M01017
Hexaware Technologies Limited,Information Technology,HEXT,EQ,INE093A01041
HFCL Limited,Telecommunication,HFCL,EQ,INE548A01028
H.G. Infra Engineering Limited,NSE Equity,HGINFRA,EQ,INE926X01010
HandsOn Global Management (HGM) Limited,NSE Equity,HGM,EQ,INE596H01014
Hinduja Global Solutions Limited,NSE Equity,HGS,EQ,INE170I01016
Hikal Limited,NSE Equity,HIKAL,EQ,INE475B01022
Highway Infrastructure Limited,NSE Equity,HILINFRA,EQ,INE00RL01028
Hilton Metal Forging Limited,NSE Equity,HILTON,BE,INE788H01017
Himatsingka Seide Limited,NSE Equity,HIMATSEIDE,EQ,INE049A01027
Hindalco Industries Limited,Metals & Mining,HINDALCO,EQ,INE038A01020
Hindustan Composites Limited,NSE Equity,HINDCOMPOS,EQ,INE310C01029
Hindcon Chemicals Limited,NSE Equity,HINDCON,EQ,INE642Y01029
Hindustan Copper Limited,Metals & Mining,HINDCOPPER,EQ,INE531E01026
Hindustan Oil Exploration Company Limited,NSE Equity,HINDOILEXP,EQ,INE345A01011
Hindustan Petroleum Corporation Limited,Oil Gas & Consumable Fuels,HINDPETRO,EQ,INE094A01015
Hindustan Unilever Limited,Fast Moving Consumer Goods,HINDUNILVR,EQ,INE030A01027
Hindware Home Innovation Limited,NSE Equity,HINDWAREAP,EQ,INE05AN01011
Hindustan Zinc Limited,Metals & Mining,HINDZINC,EQ,INE267A01025
Hind Rectifiers Limited,NSE Equity,HIRECT,EQ,INE835D01023
Hisar Metal Industries Limited,NSE Equity,HISARMETAL,EQ,INE598C01011
Hi-Tech Pipes Limited,NSE Equity,HITECH,EQ,INE106T01025
Hitech Corporation Limited,NSE Equity,HITECHCORP,BE,INE120D01012
The Hi-Tech Gears Limited,NSE Equity,HITECHGEAR,BE,INE127B01011
HLE Glascoat Limited,NSE Equity,HLEGLAS,EQ,INE461D01028
HLV LIMITED,NSE Equity,HLVLTD,EQ,INE102A01024
HMA Agro Industries Limited,NSE Equity,HMAAGRO,EQ,INE0ECP01024
Hindustan Media Ventures Limited,NSE Equity,HMVL,EQ,INE871K01015
Hindustan Foods Limited,NSE Equity,HNDFDS,EQ,INE254N01026
Home First Finance Company India Limited,Financial Services,HOMEFIRST,EQ,INE481N01025
Honasa Consumer Limited,Fast Moving Consumer Goods,HONASA,EQ,INE0J5401028
Honeywell Automation India Limited,Capital Goods,HONAUT,EQ,INE671A01010
Honda India Power Products Limited,NSE Equity,HONDAPOWER,EQ,INE634A01018
HP Adhesives Limited,NSE Equity,HPAL,EQ,INE0GSL01024
Hindprakash Industries Limited,NSE Equity,HPIL,EQ,INE05X901010
HPL Electric & Power Limited,NSE Equity,HPL,EQ,INE495S01016
Himadri Speciality Chemical Limited,Chemicals,HSCL,EQ,INE019C01026
HT Media Limited,NSE Equity,HTMEDIA,EQ,INE501G01024
Hubtown Limited,NSE Equity,HUBTOWN,EQ,INE703H01016
Housing & Urban Development Corporation Limited,Financial Services,HUDCO,EQ,INE031A01017
Huhtamaki India Limited,NSE Equity,HUHTAMAKI,EQ,INE275B01026
Hybrid Financial Services Limited,NSE Equity,HYBRIDFIN,BE,INE965B01022
Hyundai Motor India Limited,Automobile and Auto Components,HYUNDAI,EQ,INE0V6F01027
Indiabulls Limited,NSE Equity,IBULLSLTD,BE,INE126M01010
ICDS Limited,NSE Equity,ICDSLTD,EQ,INE613B01010
Ice Make Refrigeration Limited,NSE Equity,ICEMAKE,EQ,INE520Y01019
ICICI Prudential Asset Management Company Limited,Financial Services,ICICIAMC,EQ,INE346A01027
ICICI Bank Limited,Financial Services,ICICIBANK,EQ,INE090A01021
ICICI Lombard General Insurance Company Limited,Financial Services,ICICIGI,EQ,INE765G01017
ICICI Prudential Life Insurance Company Limited,Financial Services,ICICIPRULI,EQ,INE726G01019
Indo Count Industries Limited,NSE Equity,ICIL,EQ,INE483B01026
ICRA Limited,NSE Equity,ICRA,EQ,INE725G01011
IDBI Bank Limited,Financial Services,IDBI,EQ,INE008A01015
Vodafone Idea Limited,Telecommunication,IDEA,EQ,INE669E01016
Ideaforge Technology Limited,NSE Equity,IDEAFORGE,BE,INE349Y01013
IDFC First Bank Limited,Financial Services,IDFCFIRSTB,EQ,INE092T01019
Indian Energy Exchange Limited,Financial Services,IEX,EQ,INE022Q01020
IFB Agro Industries Limited,NSE Equity,IFBAGRO,BE,INE076C01018
IFB Industries Limited,NSE Equity,IFBIND,EQ,INE559A01017
IFCI Limited,Financial Services,IFCI,EQ,INE039A01010
IFGL Refractories Limited,NSE Equity,IFGLEXPOR,EQ,INE133Y01011
Igarashi Motors India Limited,NSE Equity,IGARASHI,EQ,INE188B01013
Indogulf Cropsciences Limited,NSE Equity,IGCL,EQ,INE05J901018
International Gemological Institute Limited,Services,IGIL,EQ,INE0Q9301021
Indraprastha Gas Limited,Oil Gas & Consumable Fuels,IGL,EQ,INE203G01027
IG Petrochemicals Limited,NSE Equity,IGPL,EQ,INE204A01010
IIFL Finance Limited,Financial Services,IIFL,EQ,INE530B01024
IIFL Capital Services Limited,NSE Equity,IIFLCAPS,EQ,INE489L01022
Industrial Investment Trust Limited,NSE Equity,IITL,EQ,INE886A01014
IKIO Technologies Limited,NSE Equity,IKIO,EQ,INE0LOJ01019
Inventurus Knowledge Solutions Limited,Information Technology,IKS,EQ,INE115Q01022
Imagicaaworld Entertainment Limited,NSE Equity,IMAGICAA,EQ,INE172N01012
Indian Metals & Ferro Alloys Limited,NSE Equity,IMFA,EQ,INE919H01018
India Motor Parts and Accessories Limited,NSE Equity,IMPAL,EQ,INE547E01014
Insolation Energy Limited,NSE Equity,INA,EQ,INE0LGX01024
INCREDIBLE INDUSTRIES LIMITED,NSE Equity,INCREDIBLE,EQ,INE452L01012
Indbank Merchant Banking Services Limited,NSE Equity,INDBANK,EQ,INE841B01017
Indegene Limited,Healthcare,INDGN,EQ,INE065X01017
The Indian Hotels Company Limited,Consumer Services,INDHOTEL,EQ,INE053A01029
The India Cements Limited,Construction Materials,INDIACEM,EQ,INE383A01012
India Glycols Limited,NSE Equity,INDIAGLYCO,EQ,INE560A01023
Indiamart Intermesh Limited,Consumer Services,INDIAMART,EQ,INE933S01016
Indian Bank,Financial Services,INDIANB,EQ,INE562A01011
Indian Card Clothing Company Limited,NSE Equity,INDIANCARD,EQ,INE061A01014
Indian Hume Pipe Company Limited,NSE Equity,INDIANHUME,EQ,INE323C01030
India Shelter Finance Corporation Limited,NSE Equity,INDIASHLTR,EQ,INE922K01024
InterGlobe Aviation Limited,Services,INDIGO,EQ,INE646L01027
Indigo Paints Limited,NSE Equity,INDIGOPNTS,EQ,INE09VQ01012
Indiqube Spaces Limited,NSE Equity,INDIQUBE,EQ,INE06ST01018
India Nippon Electricals Limited,NSE Equity,INDNIPPON,EQ,INE092B01025
Indo Amines Limited,NSE Equity,INDOAMIN,BE,INE760F01028
Indo Borax & Chemicals Limited,NSE Equity,INDOBORAX,EQ,INE803D01021
Indoco Remedies Limited,NSE Equity,INDOCO,EQ,INE873D01024
Indo Farm Equipment Limited,NSE Equity,INDOFARM,EQ,INE622H01018
INDO-MIM Limited,NSE Equity,INDOMIM,EQ,INE084101034
Indo Rama Synthetics (India) Limited,NSE Equity,INDORAMA,EQ,INE156A01020
IndoStar Capital Finance Limited,NSE Equity,INDOSTAR,EQ,INE896L01010
Indo Tech Transformers Limited,NSE Equity,INDOTECH,BE,INE332H01014
Indo Thai Securities Limited,NSE Equity,INDOTHAI,EQ,INE337M01021
Indo Us Biotech Limited,NSE Equity,INDOUS,EQ,INE250Z01010
Indowind Energy Limited,NSE Equity,INDOWIND,BE,INE227G01018
Industrial & Prudential Investment Company Limited,NSE Equity,INDPRUD,EQ,INE620D01011
Indraprastha Medical Corporation Limited,NSE Equity,INDRAMEDCO,EQ,INE681B01017
Ind-Swift Laboratories Limited,NSE Equity,INDSWFTLAB,EQ,INE915B01019
Indian Terrain Fashions Limited,NSE Equity,INDTERRAIN,EQ,INE611L01021
IndusInd Bank Limited,Financial Services,INDUSINDBK,EQ,INE095A01012
Indus Towers Limited,Telecommunication,INDUSTOWER,EQ,INE121J01017
InfoBeans Technologies Limited,NSE Equity,INFOBEAN,EQ,INE344S01016
Infomedia Press Limited,NSE Equity,INFOMEDIA,EQ,INE669A01022
Infosys Limited,Information Technology,INFY,EQ,INE009A01021
Ingersoll Rand (India) Limited,NSE Equity,INGERRAND,EQ,INE177A01018
Innova Captab Limited,NSE Equity,INNOVACAP,EQ,INE0DUT01020
Innovana Thinklabs Limited,NSE Equity,INNOVANA,EQ,INE403Y01018
Innovision Limited,NSE Equity,INNOVISION,EQ,INE0ADB01012
Inox Green Energy Services Limited,NSE Equity,INOXGREEN,EQ,INE510W01014
INOX India Limited,NSE Equity,INOXINDIA,EQ,INE616N01034
Inox Wind Limited,Capital Goods,INOXWIND,EQ,INE066P01011
Insecticides (India) Limited,NSE Equity,INSECTICID,EQ,INE070I01018
Inspirisys Solutions Limited,NSE Equity,INSPIRISYS,BE,INE020G01017
Intellect Design Arena Limited,Information Technology,INTELLECT,EQ,INE306R01017
Intense Technologies Limited,NSE Equity,INTENTECH,EQ,INE781A01025
Interarch Building Solutions Limited,NSE Equity,INTERARCH,EQ,INE00M901018
International Conveyors Limited,NSE Equity,INTLCONV,EQ,INE575C01027
Inventure Growth & Securities Limited,NSE Equity,INVENTURE,EQ,INE878H01024
Investment & Precision Castings Limited,NSE Equity,INVPRECQ,BE,INE155E01016
Indian Overseas Bank,Financial Services,IOB,EQ,INE565A01014
Indian Oil Corporation Limited,Oil Gas & Consumable Fuels,IOC,EQ,INE242A01010
IOL Chemicals and Pharmaceuticals Limited,NSE Equity,IOLCP,EQ,INE485C01029
ION Exchange (India) Limited,NSE Equity,IONEXCHANG,EQ,INE570A01022
IPCA Laboratories Limited,Healthcare,IPCALAB,EQ,INE571A01038
India Pesticides Limited,NSE Equity,IPL,EQ,INE0D6701023
IRB Infrastructure Developers Limited,Construction,IRB,EQ,INE821I01022
Ircon International Limited,Construction,IRCON,EQ,INE962Y01021
Indian Railway Catering And Tourism Corporation Limited,Consumer Services,IRCTC,EQ,INE335Y01020
Indian Renewable Energy Development Agency Limited,Financial Services,IREDA,EQ,INE202E01016
Indian Railway Finance Corporation Limited,Financial Services,IRFC,EQ,INE053F01010
IRIS RegTech Solutions Limited,NSE Equity,IRIS,EQ,INE864K01010
Iris Clothings Limited,NSE Equity,IRISDOREME,EQ,INE01GN01025
IRM Energy Limited,NSE Equity,IRMENERGY,EQ,INE07U701015
Intrasoft Technologies Limited,NSE Equity,ISFT,EQ,INE566K01011
Isgec Heavy Engineering Limited,NSE Equity,ISGEC,EQ,INE858B01029
Ishan Dyes and Chemicals Limited,NSE Equity,ISHANCH,EQ,INE561M01018
ITC Limited,Fast Moving Consumer Goods,ITC,EQ,INE154A01025
ITC Hotels Limited,Consumer Services,ITCHOTELS,EQ,INE379A01028
India Tourism Development Corporation Limited,NSE Equity,ITDC,EQ,INE353K01014
ITI Limited,Telecommunication,ITI,EQ,INE248A01017
Ivalue Infosolutions Limited,NSE Equity,IVALUE,EQ,INE056801025
IL&FS Investment Managers Limited,NSE Equity,IVC,EQ,INE050B01023
IVP Limited,NSE Equity,IVP,BE,INE043C01018
The Indian Wood Products Company Limited,NSE Equity,IWP,EQ,INE586E01020
Le Travenues Technology Limited,NSE Equity,IXIGO,EQ,INE0HV901016
IZMO Limited,NSE Equity,IZMO,EQ,INE848A01014
The Jammu & Kashmir Bank Limited,Financial Services,J&KBANK,EQ,INE168A01041
Jagran Prakashan Limited,NSE Equity,JAGRAN,EQ,INE199G01027
Jagsonpal Pharmaceuticals Limited,NSE Equity,JAGSNPHARM,EQ,INE048B01035
Jai Balaji Industries Limited,NSE Equity,JAIBALAJI,BE,INE091G01026
Jai Corp Limited,NSE Equity,JAICORPLTD,EQ,INE070D01027
Jain Resource Recycling Limited,Metals & Mining,JAINREC,EQ,INE0YD401026
Nandani Creation Limited,NSE Equity,JAIPURKURT,EQ,INE696V01013
Jamna Auto Industries Limited,NSE Equity,JAMNAAUTO,EQ,INE039C01032
Jaro Institute of Technology Management and Research Limited,NSE Equity,JARO,EQ,INE00YJ01010
Jash Engineering Limited,NSE Equity,JASH,EQ,INE039O01029
Jayant Agro Organics Limited,NSE Equity,JAYAGROGN,EQ,INE785A01026
Jay Bharat Maruti Limited,NSE Equity,JAYBARMARU,EQ,INE571B01036
Jaykay Enterprises Limited,NSE Equity,JAYKAY,EQ,INE903A01025
Jayaswal Neco Industries Limited,NSE Equity,JAYNECOIND,EQ,INE854B01010
Jayshree Tea & Industries Limited,NSE Equity,JAYSREETEA,EQ,INE364A01020
JBM Auto Limited,Automobile and Auto Components,JBMA,EQ,INE927D01051
Jet Freight Logistics Limited,NSE Equity,JETFREIGHT,EQ,INE982V01025
J.G.Chemicals Limited,NSE Equity,JGCHEM,EQ,INE0MB501011
JHS Svendgaard Laboratories Limited,NSE Equity,JHS,EQ,INE544H01014
Jindal Photo Limited,NSE Equity,JINDALPHOT,EQ,INE796G01012
Jindal Poly Films Limited,NSE Equity,JINDALPOLY,EQ,INE197D01010
Jindal Saw Limited,Capital Goods,JINDALSAW,EQ,INE324A01032
JINDAL STEEL LIMITED,Metals & Mining,JINDALSTEL,EQ,INE749A01030
Jindal Drilling And Industries Limited,NSE Equity,JINDRILL,EQ,INE742C01031
Jindal Worldwide Limited,NSE Equity,JINDWORLD,EQ,INE247D01039
Jio Financial Services Limited,Financial Services,JIOFIN,EQ,INE758E01017
Jain Irrigation Systems Limited,NSE Equity,JISLDVREQS,EQ,IN9175A01010
Jain Irrigation Systems Limited,NSE Equity,JISLJALEQS,EQ,INE175A01038
JITF Infralogistics Limited,NSE Equity,JITFINFRA,EQ,INE863T01013
JK Cement Limited,Construction Materials,JKCEMENT,EQ,INE823G01014
J.Kumar Infraprojects Limited,NSE Equity,JKIL,EQ,INE576I01022
Jinkushal Industries Limited,NSE Equity,JKIPL,BE,INE1FF001016
JK Lakshmi Cement Limited,NSE Equity,JKLAKSHMI,EQ,INE786A01032
JK Paper Limited,NSE Equity,JKPAPER,EQ,INE789E01012
JK Tyre & Industries Limited,Automobile and Auto Components,JKTYRE,EQ,INE573A01042
Jupiter Life Line Hospitals Limited,NSE Equity,JLHL,EQ,INE682M01020
Jullundur Motor Agency (Delhi) Limited,NSE Equity,JMA,EQ,INE412C01023
JM Financial Limited,Financial Services,JMFINANCIL,EQ,INE780C01023
JNK India Limited,NSE Equity,JNKINDIA,EQ,INE0OAF01028
Jocil Limited,NSE Equity,JOCIL,BE,INE839G01010
Jindal Poly Investment and Finance Company Limited,NSE Equity,JPOLYINVST,EQ,INE147P01019
Jaiprakash Power Ventures Limited,Power,JPPOWER,EQ,INE351F01018
Jana Small Finance Bank Limited,NSE Equity,JSFB,EQ,INE953L01027
Jindal Stainless Limited,Metals & Mining,JSL,EQ,INE220G01021
Jeena Sikho Lifecare Limited,NSE Equity,JSLL,EQ,INE0J5801029
JSW Cement Limited,Construction Materials,JSWCEMENT,EQ,INE718I01012
JSW Dulux Limited,Consumer Durables,JSWDULUX,EQ,INE133A01011
JSW Energy Limited,Power,JSWENERGY,EQ,INE121E01018
JSW Holdings Limited,NSE Equity,JSWHL,EQ,INE824G01012
JSW Infrastructure Limited,Services,JSWINFRA,EQ,INE880J01026
JSW Steel Limited,Metals & Mining,JSWSTEEL,EQ,INE019A01038
Jtekt India Limited,NSE Equity,JTEKTINDIA,EQ,INE643A01035
JTL INDUSTRIES LIMITED,NSE Equity,JTLIND,EQ,INE391J01032
Jubilant Agri and Consumer Products Limited,NSE Equity,JUBLCPL,EQ,INE03CC01015
Jubilant Foodworks Limited,Consumer Services,JUBLFOOD,EQ,INE797F01020
Jubilant Ingrevia Limited,Chemicals,JUBLINGREA,EQ,INE0BY001018
Jubilant Pharmova Limited,Healthcare,JUBLPHARMA,EQ,INE700A01033
Juniper Hotels Limited,NSE Equity,JUNIPER,EQ,INE696F01016
Just Dial Limited,NSE Equity,JUSTDIAL,EQ,INE599M01018
Jupiter Wagons Limited,Capital Goods,JWL,EQ,INE209L01016
Jyothy Labs Limited,NSE Equity,JYOTHYLAB,EQ,INE668F01031
Jyoti CNC Automation Limited,Capital Goods,JYOTICNC,EQ,INE980O01024
Jyoti Structures Limited,NSE Equity,JYOTISTRUC,EQ,INE197A01024
Kabra Extrusion Technik Limited,NSE Equity,KABRAEXTRU,EQ,INE900B01029
Kajaria Ceramics Limited,Consumer Durables,KAJARIACER,EQ,INE217B01036
Kakatiya Cement Sugar & Industries Limited,NSE Equity,KAKATCEM,BE,INE437B01014
Sai Silks (Kalamandir) Limited,NSE Equity,KALAMANDIR,EQ,INE438K01021
Kalpataru Limited,NSE Equity,KALPATARU,EQ,INE227J01012
Kalyani Commercials Limited,NSE Equity,KALYANI,BE,INE610E01010
Kalyani Forge Limited,NSE Equity,KALYANIFRG,EQ,INE314G01014
Kalyan Jewellers India Limited,Consumer Durables,KALYANKJIL,EQ,INE303R01014
Kama Holdings Limited,NSE Equity,KAMAHOLD,EQ,INE411F01010
Kamat Hotels (I) Limited,NSE Equity,KAMATHOTEL,EQ,INE967C01018
Kamdhenu Limited,NSE Equity,KAMDHENU,BE,INE390H01020
Kamdhenu Ventures Limited,NSE Equity,KAMOPAINTS,EQ,INE0BTI01037
Kanani Industries Limited,NSE Equity,KANANIIND,EQ,INE879E01037
Kanchi Karpooram Limited,NSE Equity,KANCHI,BE,INE081G01019
Kanoria Chemicals & Industries Limited,NSE Equity,KANORICHEM,BE,INE138C01024
Kanpur Plastipack Limited,NSE Equity,KANPRPLA,EQ,INE694E01014
Kansai Nerolac Paints Limited,NSE Equity,KANSAINER,EQ,INE531A01024
Kapston Services Limited,NSE Equity,KAPSTON,EQ,INE542Z01028
Karma Energy Limited,NSE Equity,KARMAENG,EQ,INE725L01011
Karur Vysya Bank Limited,Financial Services,KARURVYSYA,EQ,INE036D01028
Kaushalya Infrastructure Development Corporation Limited,NSE Equity,KAUSHALYA,BE,INE234I01028
Kavveri Defence & Wireless Technologies Limited,NSE Equity,KAVDEFENCE,EQ,INE641C01019
Kaya Limited,NSE Equity,KAYA,EQ,INE587G01015
Kaynes Technology India Limited,Capital Goods,KAYNES,EQ,INE918Z01012
KCP Limited,NSE Equity,KCP,EQ,INE805C01028
KCP Sugar and Industries Corporation Limited,NSE Equity,KCPSUGIND,EQ,INE790B01024
KDDL Limited,NSE Equity,KDDL,EQ,INE291D01011
KEC International Limited,Construction,KEC,EQ,INE389H01022
Kirloskar Electric Company Limited,NSE Equity,KECL,EQ,INE134B01017
DSJ Keep Learning Limited,NSE Equity,KEEPLEARN,EQ,INE055C01020
KEI Industries Limited,Capital Goods,KEI,EQ,INE878B01027
Kellton Tech Solutions Limited,NSE Equity,KELLTONTEC,EQ,INE164B01030
Kennametal India Limited,NSE Equity,KENNAMET,EQ,INE717A01029
Kernex Microsystems (India) Limited,NSE Equity,KERNEX,EQ,INE202H01019
Kesoram Industries Limited,NSE Equity,KESORAMIND,BE,INE087A01019
Keynote Financial Services Limited,NSE Equity,KEYFINSERV,EQ,INE681C01015
Kfin Technologies Limited,Financial Services,KFINTECH,EQ,INE138Y01010
Khadim India Limited,NSE Equity,KHADIM,BE,INE834I01025
Khaitan Chemicals & Fertilizers Limited,NSE Equity,KHAICHEM,EQ,INE745B01028
Khaitan (India) Limited,NSE Equity,KHAITANLTD,BE,INE731C01018
Khandwala Securities Limited,NSE Equity,KHANDSE,EQ,INE060B01014
Kalyani Investment Company Limited,NSE Equity,KICL,EQ,INE029L01018
Kilitch Drugs (India) Limited,NSE Equity,KILITCH,BE,INE729D01010
Krishna Institute of Medical Sciences Limited,Healthcare,KIMS,EQ,INE967H01025
Kingfa Science & Technology (India) Limited,NSE Equity,KINGFA,EQ,INE473D01015
KIOCL Limited,NSE Equity,KIOCL,EQ,INE880L01014
Kiran Vyapar Limited,NSE Equity,KIRANVYPAR,EQ,INE555P01013
Kiri Industries Limited,NSE Equity,KIRIINDUS,EQ,INE415I01015
Kirloskar Ferrous Industries Limited,NSE Equity,KIRLFER,EQ,INE884B01025
Kirloskar Brothers Limited,NSE Equity,KIRLOSBROS,EQ,INE732A01036
Kirloskar Oil Engines Limited,Capital Goods,KIRLOSENG,EQ,INE146L01010
Kirloskar Industries Limited,NSE Equity,KIRLOSIND,EQ,INE250A01039
Kirloskar Pneumatic Company Limited,NSE Equity,KIRLPNU,EQ,INE811A01020
OnEMI Technology Solutions Limited,NSE Equity,KISSHT,EQ,INE12F801023
Kitex Garments Limited,NSE Equity,KITEX,EQ,INE602G01020
Kewal Kiran Clothing Limited,NSE Equity,KKCL,EQ,INE401H01017
Kilburn Engineering Limited,NSE Equity,KLBRENG-B,EQ,INE338F01015
Knowledge Marine & Engineering Works Limited,NSE Equity,KMEW,EQ,INE0CJD01029
K.M.Sugar Mills Limited,NSE Equity,KMSUGAR,EQ,INE157H01023
Knack Packaging Limited,NSE Equity,KNACK,EQ,INE17QZ01016
KN Agri Resources Limited,NSE Equity,KNAGRI,EQ,INE0KNW01016
KNR Constructions Limited,NSE Equity,KNRCON,EQ,INE634I01029
Kohinoor Foods Limited,NSE Equity,KOHINOOR,EQ,INE080B01012
Kokuyo Camlin Limited,NSE Equity,KOKUYOCMLN,EQ,INE760A01029
Kolte - Patil Developers Limited,NSE Equity,KOLTEPATIL,EQ,INE094I01018
Kopran Limited,NSE Equity,KOPRAN,BE,INE082A01010
Kotak Mahindra Bank Limited,Financial Services,KOTAKBANK,EQ,INE237A01036
Kothari Sugars And Chemicals Limited,NSE Equity,KOTARISUG,EQ,INE419A01022
Kothari Petrochemicals Limited,NSE Equity,KOTHARIPET,EQ,INE720A01015
Kothari Products Limited,NSE Equity,KOTHARIPRO,EQ,INE823A01017
Kothari Industrial Corporation Limited,NSE Equity,KOTIC,EQ,INE972A01020
Kotyark Industries Limited,NSE Equity,KOTYARK,BE,INE0J0B01017
Kovai Medical Center & Hospital Limited,NSE Equity,KOVAI,EQ,INE177F01017
K.P. Energy Limited,NSE Equity,KPEL,EQ,INE127T01021
KPI Green Energy Limited,NSE Equity,KPIGREEN,EQ,INE542W01025
Kalpataru Projects International Limited,Construction,KPIL,EQ,INE220B01022
KPIT Technologies Limited,Information Technology,KPITTECH,EQ,INE04I401011
Kwality Pharmaceuticals Limited,NSE Equity,KPL,EQ,INE552U01010
K.P.R. Mill Limited,Textiles,KPRMILL,EQ,INE930H01031
KRBL Limited,NSE Equity,KRBL,EQ,INE001B01026
Krebs Biochemicals and Industries Limited,NSE Equity,KREBSBIO,EQ,INE268B01013
Kridhan Infra Limited,NSE Equity,KRIDHANINF,BE,INE524L01026
Krishana Phoschem Limited,NSE Equity,KRISHANA,EQ,INE506W01020
Krishival Foods Limited,NSE Equity,KRISHIVAL,EQ,INE0GGO01015
Krishna Defence And Allied Industries Limited,NSE Equity,KRISHNADEF,EQ,INE0J5601015
Kriti Industries (India) Limited,NSE Equity,KRITI,BE,INE479D01038
Kritika Wires Limited,NSE Equity,KRITIKA,EQ,INE00Z501029
Kriti Nutrients Limited,NSE Equity,KRITINUT,EQ,INE798K01010
KRN Heat Exchanger and Refrigeration Limited,NSE Equity,KRN,BE,INE0Q3J01015
Kronox Lab Sciences Limited,NSE Equity,KRONOX,EQ,INE0ATZ01017
Kross Limited,NSE Equity,KROSS,EQ,INE0O6601022
Krsnaa Diagnostics Limited,NSE Equity,KRSNAA,EQ,INE08LI01020
Krystal Integrated Services Limited,NSE Equity,KRYSTAL,EQ,INE0QN801017
Ksb Limited,NSE Equity,KSB,EQ,INE999A01023
Kaveri Seed Company Limited,NSE Equity,KSCL,EQ,INE455I01029
KSH International Limited,NSE Equity,KSHINTL,EQ,INE987S01020
Kshitij Polyline Limited,NSE Equity,KSHITIJPOL,BE,INE013801027
Kalyani Steels Limited,NSE Equity,KSL,EQ,INE907A01026
Ksolves India Limited,NSE Equity,KSOLVES,EQ,INE0D6I01023
KSR Footwear Limited,NSE Equity,KSR,EQ,INE1SPP01016
The Karnataka Bank Limited,NSE Equity,KTKBANK,EQ,INE614B01018
Kuantum Papers Limited,NSE Equity,KUANTUM,EQ,INE529I01021
Kusumgar Limited,NSE Equity,KUSUMGAR,EQ,INE0ISX01025
Kwality Wall's (India) Limited,NSE Equity,KWIL,EQ,INE2KCE01013
Lagnam Spintex Limited,NSE Equity,LAGNAM,EQ,INE548Z01017
Lahoti Overseas Limited,NSE Equity,LAHOTIOV,EQ,INE515C01023
Lorenzini Apparels Limited,NSE Equity,LAL,EQ,INE740X01023
Dr. Lal Path Labs Ltd.,Healthcare,LALPATHLAB,EQ,INE600L01024
Lambodhara Textiles Limited,NSE Equity,LAMBODHARA,EQ,INE112F01022
Lancor Holdings Limited,NSE Equity,LANCORHOL,EQ,INE572G01025
Landmark Cars Limited,NSE Equity,LANDMARK,EQ,INE559R01029
Landsmill Green Limited,NSE Equity,LANDSMILL,EQ,INE688J01023
La Opala RG Limited,NSE Equity,LAOPALA,EQ,INE059D01020
Lasa Supergenerics Limited,NSE Equity,LASA,EQ,INE670X01014
Laser Power & Infra Limited,NSE Equity,LASERPOWER,EQ,INE17IR01028
Latent View Analytics Limited,Information Technology,LATENTVIEW,EQ,INE0I7C01011
Latteys Industries Limited,NSE Equity,LATTEYS,BE,INE262Z01023
Laurus Labs Limited,Healthcare,LAURUSLABS,EQ,INE947Q01028
Laxmi Cotspin Limited,NSE Equity,LAXMICOT,EQ,INE801V01019
Laxmi Dental Limited,NSE Equity,LAXMIDENTL,EQ,INE0WO601020
Laxmi India Finance Limited,NSE Equity,LAXMIINDIA,BE,INE06WU01026
LCC Infotech Limited,NSE Equity,LCCINFOTEC,EQ,INE938A01021
Lohia Corp Limited,NSE Equity,LCL,EQ,INE0QJW01029
Le Merite Exports Limited,NSE Equity,LEMERITE,EQ,INE0G1L01025
Lemon Tree Hotels Limited,Consumer Services,LEMONTREE,EQ,INE970X01018
Lenskart Solutions Limited,Consumer Services,LENSKART,EQ,INE956O01016
Lexus Granito (India) Limited,NSE Equity,LEXUS,EQ,INE500X01013
Lakshmi Finance & Industrial Corporation Limited,NSE Equity,LFIC,EQ,INE850E01012
LG Balakrishnan & Bros Limited,NSE Equity,LGBBROSLTD,EQ,INE337A01034
LG Electronics India Limited,Consumer Durables,LGEINDIA,EQ,INE324D01010
Laxmi Goldorna House Limited,NSE Equity,LGHL,EQ,INE258Y01016
Libas Consumer Products Limited,NSE Equity,LIBAS,EQ,INE908V01012
Liberty Shoes Limited,NSE Equity,LIBERTSHOE,EQ,INE557B01019
LIC Housing Finance Limited,Financial Services,LICHSGFIN,EQ,INE115A01026
Life Insurance Corporation Of India,Financial Services,LICI,EQ,INE0J1Y01017
Likhitha Infrastructure Limited,NSE Equity,LIKHITHA,EQ,INE060901027
Linc Limited,NSE Equity,LINC,EQ,INE802B01027
Lincoln Pharmaceuticals Limited,NSE Equity,LINCOLN,EQ,INE405C01035
Linde India Limited,Chemicals,LINDEINDIA,EQ,INE473A01011
LLOYDS ENGINEERING WORKS LIMITED,NSE Equity,LLOYDSENGG,EQ,INE093R01011
Lloyds Enterprises Limited,NSE Equity,LLOYDSENT,EQ,INE080I01025
Lloyds Metals And Energy Limited,Metals & Mining,LLOYDSME,EQ,INE281B01032
LMW Limited,NSE Equity,LMW,EQ,INE269B01029
Lodha Developers Limited,Realty,LODHA,EQ,INE670K01029
Lokesh Machines Limited,NSE Equity,LOKESHMACH,BE,INE397H01017
Lords Chloro Alkali Limited,NSE Equity,LORDSCHLO,EQ,INE846D01012
Sri Lotus Developers and Realty Limited,NSE Equity,LOTUSDEV,EQ,INE0V9Q01010
Lotus Eye Hospital and Institute Limited,NSE Equity,LOTUSEYE,EQ,INE947I01017
Lovable Lingerie Limited,NSE Equity,LOVABLE,EQ,INE597L01014
Loyal Textile Mills Limited,NSE Equity,LOYALTEX,EQ,INE970D01010
Landmark Property Development Company Limited,NSE Equity,LPDC,EQ,INE197J01017
Larsen & Toubro Limited,Construction,LT,EQ,INE018A01030
L&T Finance Limited,Financial Services,LTF,EQ,INE498L01015
LT Foods Limited,Fast Moving Consumer Goods,LTFOODS,EQ,INE818H01020
LTM Limited,Information Technology,LTM,EQ,INE214T01019
L&T Technology Services Limited,Information Technology,LTTS,EQ,INE010V01017
Lumax Industries Limited,NSE Equity,LUMAXIND,EQ,INE162B01018
Lumax Auto Technologies Limited,NSE Equity,LUMAXTECH,EQ,INE872H01027
Lupin Limited,Healthcare,LUPIN,EQ,INE326A01037
Lux Industries Limited,NSE Equity,LUXIND,EQ,INE150G01020
Laxmi Organic Industries Limited,NSE Equity,LXCHEM,EQ,INE576O01020
Lyka Labs Limited,NSE Equity,LYKALABS,BE,INE933A01014
Mahindra & Mahindra Limited,Automobile and Auto Components,M&M,EQ,INE101A01026
Mahindra & Mahindra Financial Services Limited,Financial Services,M&MFIN,EQ,INE774D01024
Maan Aluminium Limited,NSE Equity,MAANALU,EQ,INE215I01027
Macpower CNC Machines Limited,NSE Equity,MACPOWER,EQ,INE155Z01011
Madhav Marbles and Granites Limited,NSE Equity,MADHAV,EQ,INE925C01016
Madhav Infra Projects Limited,NSE Equity,MADHAVIPL,EQ,INE631R01026
Madhucon Projects Limited,NSE Equity,MADHUCON,BE,INE378D01032
Madras Fertilizers Limited,NSE Equity,MADRASFERT,EQ,INE414A01015
Mafatlal Industries Limited,NSE Equity,MAFATIND,EQ,INE270B01035
Magadh Sugar & Energy Limited,NSE Equity,MAGADSUGAR,EQ,INE347W01011
Magnum Ventures Limited,NSE Equity,MAGNUM,EQ,INE387I01016
Bank of Maharashtra,Financial Services,MAHABANK,EQ,INE457A01014
Maha Rashtra Apex Corporation Limited,NSE Equity,MAHAPEXLTD,EQ,INE843B01013
Mahamaya Steel Industries Limited,NSE Equity,MAHASTEEL,EQ,INE451L01014
Mahindra EPC Irrigation Limited,NSE Equity,MAHEPC,EQ,INE215D01010
Maheshwari Logistics Limited,NSE Equity,MAHESHWARI,BE,INE263W01010
Mahindra Lifespace Developers Limited,NSE Equity,MAHLIFE,EQ,INE813A01018
Mahindra Logistics Limited,NSE Equity,MAHLOG,EQ,INE766P01016
Maharashtra Scooters Limited,NSE Equity,MAHSCOOTER,EQ,INE288A01013
Maharashtra Seamless Limited,NSE Equity,MAHSEAMLES,EQ,INE271B01025
Maithan Alloys Limited,NSE Equity,MAITHANALL,EQ,INE683C01011
Majestic Auto Limited,NSE Equity,MAJESAUT,EQ,INE201B01022
Mallcom (India) Limited,NSE Equity,MALLCOM,EQ,INE389C01015
Malu Paper Mills Limited,NSE Equity,MALUPAPER,EQ,INE383H01017
Mamata Machinery Limited,NSE Equity,MAMATA,EQ,INE0TO701015
Manaksia Aluminium Company Limited,NSE Equity,MANAKALUCO,EQ,INE859Q01017
Manaksia Coated Metals & Industries Limited,NSE Equity,MANAKCOAT,EQ,INE830Q01018
Manaksia Limited,NSE Equity,MANAKSIA,EQ,INE015D01022
Manaksia Steels Limited,NSE Equity,MANAKSTEEL,EQ,INE824Q01011
Manali Petrochemicals Limited,NSE Equity,MANALIPETC,EQ,INE201A01024
Manappuram Finance Limited,Financial Services,MANAPPURAM,EQ,INE522D01027
Manba Finance Limited,NSE Equity,MANBA,EQ,INE939X01013
Mangal Credit and Fincorp Limited,NSE Equity,MANCREDIT,EQ,INE545L01039
Mangalam Drugs And Organics Limited,NSE Equity,MANGALAM,EQ,INE584F01014
Mangalam Cement Limited,NSE Equity,MANGLMCEM,EQ,INE347A01017
Man Industries (India) Limited,NSE Equity,MANINDS,EQ,INE993A01026
Man Infraconstruction Limited,NSE Equity,MANINFRA,EQ,INE949H01023
Mankind Pharma Limited,Healthcare,MANKIND,EQ,INE634S01028
Manomay Tex India Limited,NSE Equity,MANOMAY,EQ,INE784W01015
Manorama Industries Limited,NSE Equity,MANORAMA,EQ,INE00VM01036
Mangalam Organics Limited,NSE Equity,MANORG,BE,INE370D01013
Manugraph India Limited,NSE Equity,MANUGRAPH,BE,INE867A01022
Vedant Fashions Limited,NSE Equity,MANYAVAR,EQ,INE825V01034
C.E. Info Systems Limited,Information Technology,MAPMYINDIA,EQ,INE0BV301023
Maral Overseas Limited,NSE Equity,MARALOVER,BE,INE882A01013
Marathon Nextgen Realty Limited,NSE Equity,MARATHON,EQ,INE182D01020
Marico Limited,Fast Moving Consumer Goods,MARICO,EQ,INE196A01026
Marine Electricals (India) Limited,NSE Equity,MARINE,EQ,INE01JE01028
Markolines Pavement Technologies Limited,NSE Equity,MARKOLINES,EQ,INE0FW001016
Marksans Pharma Limited,NSE Equity,MARKSANS,EQ,INE750C01026
Marsons Limited,NSE Equity,MARSONS,EQ,INE415B01044
Maruti Suzuki India Limited,Automobile and Auto Components,MARUTI,EQ,INE585B01010
MAS Financial Services Limited,NSE Equity,MASFIN,EQ,INE348L01012
Mask Investments Limited,NSE Equity,MASKINVEST,BE,INE885F01015
Mastek Limited,NSE Equity,MASTEK,EQ,INE759A01021
Master Trust Limited,NSE Equity,MASTERTR,EQ,INE677D01037
Matrimony.Com Limited,NSE Equity,MATRIMONY,EQ,INE866R01028
Mawana Sugars Limited,NSE Equity,MAWANASUG,BE,INE636A01039
Max Estates Limited,NSE Equity,MAXESTATES,EQ,INE03EI01018
Max Healthcare Institute Limited,Healthcare,MAXHEALTH,EQ,INE027H01010
Max India Limited,NSE Equity,MAXIND,EQ,INE0CG601016
Mayur Uniquoters Ltd,NSE Equity,MAYURUNIQ,EQ,INE040D01038
Mazda Limited,NSE Equity,MAZDA,BE,INE885E01042
Mazagon Dock Shipbuilders Limited,Capital Goods,MAZDOCK,EQ,INE249Z01020
Madhya Bharat Agro Products Limited,NSE Equity,MBAPL,EQ,INE900L01028
M & B Engineering Limited,NSE Equity,MBEL,EQ,INE08N601015
MBL Infrastructure Limited,NSE Equity,MBLINFRA,BE,INE912H01013
Mac Charles India Limited,NSE Equity,MCCHRLS-B,EQ,INE435D01014
M TEK COPPER LIMITED,NSE Equity,MCL,EQ,INE813V01022
Mcleod Russel India Limited,NSE Equity,MCLEODRUSS,BE,INE942G01012
Magellanic Cloud Limited,NSE Equity,MCLOUD,EQ,INE613C01026
Multi Commodity Exchange of India Limited,Financial Services,MCX,EQ,INE745G01043
Global Health Limited,Healthcare,MEDANTA,EQ,INE474Q01031
Medi Assist Healthcare Services Limited,NSE Equity,MEDIASSIST,EQ,INE456Z01021
Medicamen Biotech Limited,NSE Equity,MEDICAMEQ,EQ,INE646B01010
Medico Remedies Limited,NSE Equity,MEDICO,EQ,INE630Y01024
Medplus Health Services Limited,NSE Equity,MEDPLUS,EQ,INE804L01022
Meesho Limited,Consumer Services,MEESHO,EQ,INE0VDM01015
Megastar Foods Limited,NSE Equity,MEGASTAR,EQ,INE00EM01016
Mangal Electrical Industries Limited,NSE Equity,MEIL,EQ,INE0PKD01011
Menon Pistons Limited,NSE Equity,MENNPIS,EQ,INE650G01029
Menon Bearings Limited,NSE Equity,MENONBE,BE,INE071D01033
Mercantile Ventures Limited,NSE Equity,MERCANTILE,EQ,INE689O01013
Mercury Ev-Tech Limited,NSE Equity,MERCURYEV,EQ,INE763M01028
Metro Brands Limited,NSE Equity,METROBRAND,EQ,INE317I01021
Metroglobal Limited,NSE Equity,METROGLOBL,EQ,INE085D01033
Metropolis Healthcare Limited,NSE Equity,METROPOLIS,EQ,INE112L01020
Mahalaxmi Fabric Mills Limited,NSE Equity,MFML,EQ,INE0US801024
Max Financial Services Limited,Financial Services,MFSL,EQ,INE180A01020
Mangalam Global Enterprise Limited,NSE Equity,MGEL,BE,INE0APB01032
Mahanagar Gas Limited,Oil Gas & Consumable Fuels,MGL,EQ,INE002S01010
Mahalaxmi Rubtech Limited,NSE Equity,MHLXMIRU,EQ,INE112D01035
Mahindra Holidays & Resorts India Limited,NSE Equity,MHRIL,EQ,INE998I01010
MIC Electronics Limited,NSE Equity,MICEL,BE,INE287C01037
Mishra Dhatu Nigam Limited,NSE Equity,MIDHANI,EQ,INE099Z01011
Midwest Limited,NSE Equity,MIDWESTLTD,EQ,INE0XAD01024
Minda Corporation Limited,Automobile and Auto Components,MINDACORP,EQ,INE842C01021
Mindteck (India) Limited,NSE Equity,MINDTECK,EQ,INE110B01017
Mirza International Limited,NSE Equity,MIRZAINT,EQ,INE771A01026
MITCON Consultancy & Engineering Services Limited,NSE Equity,MITCON,BE,INE828O01033
Mittal Life Style Limited,NSE Equity,MITTAL,EQ,INE997Y01027
M K Proteins Limited,NSE Equity,MKPL,EQ,INE964W01021
MM Forgings Limited,NSE Equity,MMFL,EQ,INE227C01017
MMP Industries Limited,NSE Equity,MMP,EQ,INE511Y01018
MMTC Limited,Services,MMTC,EQ,INE123F01029
Media Matrix Worldwide Limited,NSE Equity,MMWL,BE,INE200D01020
One Mobikwik Systems Limited,NSE Equity,MOBIKWIK,EQ,INE0HLU01028
Modi Naturals Limited,NSE Equity,MODINATUR,BE,INE537F01012
Modi Rubber Limited,NSE Equity,MODIRUBBER,EQ,INE832A01018
Modis Navnirman Limited,NSE Equity,MODIS,EQ,INE0L0L01012
MODISON LIMITED,NSE Equity,MODISONLTD,BE,INE737D01021
Modern Threads (India) Limited,NSE Equity,MODTHREAD,EQ,INE794W01014
Mohit Industries Limited,NSE Equity,MOHITIND,EQ,INE954E01012
MOIL Limited,NSE Equity,MOIL,EQ,INE490G01020
Moksh Ornaments Limited,NSE Equity,MOKSH,EQ,INE514Y01020
Meghmani Organics Limited,NSE Equity,MOL,EQ,INE0CT101020
Mold-Tek Technologies Limited,NSE Equity,MOLDTECH,EQ,INE835B01035
Mold-Tek Packaging Limited,NSE Equity,MOLDTKPAC,EQ,INE893J01029
Monarch Networth Capital Limited,NSE Equity,MONARCH,EQ,INE903D01011
Moneyboxx Finance Limited,NSE Equity,MONEYBOXX,EQ,INE296Q01012
Monte Carlo Fashions Limited,NSE Equity,MONTECARLO,EQ,INE950M01013
Morepen Laboratories Limited,NSE Equity,MOREPENLAB,EQ,INE083A01026
Moschip Technologies Limited,NSE Equity,MOSCHIP,EQ,INE935B01025
Samvardhana Motherson International Limited,Automobile and Auto Components,MOTHERSON,EQ,INE775A01035
Motilal Oswal Financial Services Limited,Financial Services,MOTILALOFS,EQ,INE338I01027
Motisons Jewellers Limited,NSE Equity,MOTISONS,EQ,INE0FRK01020
The Motor & General Finance Limited,NSE Equity,MOTOGENFIN,BE,INE861B01023
MphasiS Limited,Information Technology,MPHASIS,EQ,INE356A01018
MPS Limited,NSE Equity,MPSLTD,EQ,INE943D01017
MRF Limited,Automobile and Auto Components,MRF,EQ,INE883A01011
Mangalore Refinery and Petrochemicals Limited,Oil Gas & Consumable Fuels,MRPL,EQ,INE103A01014
MSP Steel & Power Limited,NSE Equity,MSPL,EQ,INE752G01015
Mstc Limited,NSE Equity,MSTCLTD,EQ,INE255X01014
Motherson Sumi Wiring India Limited,Automobile and Auto Components,MSUMI,EQ,INE0FS801015
Mtar Technologies Limited,NSE Equity,MTARTECH,BE,INE864I01014
MT Educare Limited,NSE Equity,MTEDUCARE,BE,INE472M01018
Mahanagar Telephone Nigam Limited,NSE Equity,MTNL,EQ,INE153A01019
Mufin Green Finance Limited,NSE Equity,MUFIN,EQ,INE08KJ01020
Credo Brands Marketing Limited,NSE Equity,MUFTI,EQ,INE220Q01020
Mukand Limited,NSE Equity,MUKANDLTD,EQ,INE304A01026
Mukka Proteins Limited,NSE Equity,MUKKA,EQ,INE0CG401037
Mukta Arts Limited,NSE Equity,MUKTAARTS,BE,INE374B01019
Munjal Auto Industries Limited,NSE Equity,MUNJALAU,EQ,INE672B01032
Munjal Showa Limited,NSE Equity,MUNJALSHOW,EQ,INE577A01027
Murudeshwar Ceramics Limited,NSE Equity,MURUDCERA,EQ,INE692B01014
Muthoot Capital Services Limited,NSE Equity,MUTHOOTCAP,EQ,INE296G01013
Muthoot Finance Limited,Financial Services,MUTHOOTFIN,EQ,INE414G01012
Muthoot Microfin Limited,NSE Equity,MUTHOOTMF,EQ,INE046W01019
Manoj Vaibhav Gems N Jewellers Limited,NSE Equity,MVGJL,EQ,INE0KNT01012
Mangalam Worldwide Limited,NSE Equity,MWL,EQ,INE0JYY01029
NACL Industries Limited,NSE Equity,NACLIND,EQ,INE295D01020
Nagreeka Capital & Infrastructure Limited,NSE Equity,NAGREEKCAP,EQ,INE245I01016
Nagreeka Exports Limited,NSE Equity,NAGREEKEXP,EQ,INE123B01028
Nahar Capital and Financial Services Limited,NSE Equity,NAHARCAP,EQ,INE049I01012
Nahar Industrial Enterprises Limited,NSE Equity,NAHARINDUS,EQ,INE289A01011
Nahar Poly Films Limited,NSE Equity,NAHARPOLY,EQ,INE308A01027
Nahar Spinning Mills Limited,NSE Equity,NAHARSPING,BE,INE290A01027
Nippon Life India Asset Management Limited,Financial Services,NAM-INDIA,EQ,INE298J01013
Narmada Agrobase Limited,NSE Equity,NARMADA,EQ,INE117Z01011
Natural Capsules Limited,NSE Equity,NATCAPSUQ,EQ,INE936B01015
Natco Pharma Limited,Healthcare,NATCOPHARM,EQ,INE987B01026
Nath Bio-Genes (India) Limited,NSE Equity,NATHBIOGEN,EQ,INE448G01010
National Aluminium Company Limited,Metals & Mining,NATIONALUM,EQ,INE139A01034
National Standard (India) Limited,NSE Equity,NATIONSTD,EQ,INE166R01015
Info Edge (India) Limited,Consumer Services,NAUKRI,EQ,INE663F01032
NAVA LIMITED,Power,NAVA,EQ,INE725A01030
Navin Fluorine International Limited,Chemicals,NAVINFLUOR,EQ,INE048G01026
Navkar Corporation Limited,NSE Equity,NAVKARCORP,EQ,INE278M01019
Navkar Urbanstructure Limited,NSE Equity,NAVKARURB,BE,INE268H01044
Navneet Education Limited,NSE Equity,NAVNETEDUL,EQ,INE060A01024
Nazara Technologies Limited,NSE Equity,NAZARA,EQ,INE418L01047
NBCC (India) Limited,Construction,NBCC,EQ,INE095N01031
N. B. I. Industrial Finance Company Limited,NSE Equity,NBIFIN,EQ,INE365I01020
NCC Limited,Construction,NCC,EQ,INE868B01028
NCL Industries Limited,NSE Equity,NCLIND,EQ,INE732C01016
Naga Dhunseri Group Limited,NSE Equity,NDGL,EQ,INE756C01015
Nandan Denim Limited,NSE Equity,NDL,EQ,INE875G01048
NDL Ventures Limited,NSE Equity,NDLVENTURE,EQ,INE353A01023
Ndr Auto Components Limited,NSE Equity,NDRAUTO,EQ,INE07OG01012
New Delhi Television Limited,NSE Equity,NDTV,EQ,INE155G01029
Neelamalai Agro Industries Limited,NSE Equity,NEAGI,EQ,INE605D01012
North Eastern Carrying Corporation Limited,NSE Equity,NECCLTD,BE,INE553C01016
Nectar Lifesciences Limited,NSE Equity,NECLIFE,BE,INE023H01027
Nelcast Limited,NSE Equity,NELCAST,EQ,INE189I01024
NELCO Limited,NSE Equity,NELCO,EQ,INE045B01015
Neogen Chemicals Limited,NSE Equity,NEOGEN,EQ,INE136S01016
Nephrocare Health Services Limited,NSE Equity,NEPHROPLUS,EQ,INE428V01029
Nesco Limited,NSE Equity,NESCO,EQ,INE317F01035
Nestle India Limited,Fast Moving Consumer Goods,NESTLEIND,EQ,INE239A01024
Netweb Technologies India Limited,Information Technology,NETWEB,EQ,INE0NT901020
Network18 Media & Investments Limited,NSE Equity,NETWORK18,EQ,INE870H01013
Neuland Laboratories Limited,Healthcare,NEULANDLAB,EQ,INE794A01010
Newgen Software Technologies Limited,Information Technology,NEWGEN,EQ,INE619B01017
Next Mediaworks Limited,NSE Equity,NEXTMEDIA,EQ,INE747B01016
National Fertilizers Limited,NSE Equity,NFL,EQ,INE870D01012
Nakoda Group of Industries Limited,NSE Equity,NGIL,BE,INE236Y01012
NGL Fine-Chem Limited,NSE Equity,NGLFINE,EQ,INE887E01022
Narayana Hrudayalaya Ltd.,Healthcare,NH,EQ,INE410P01011
NHPC Limited,Power,NHPC,EQ,INE848E01016
The New India Assurance Company Limited,Financial Services,NIACL,EQ,INE470Y01017
NIBE Limited,NSE Equity,NIBE,EQ,INE149O01018
NRB Industrial Bearings Limited,NSE Equity,NIBL,EQ,INE047O01014
NIIT Limited,NSE Equity,NIITLTD,EQ,INE161A01038
NIIT Learning Systems Limited,NSE Equity,NIITMTS,EQ,INE342G01023
Nila Infrastructures Limited,NSE Equity,NILAINFRA,EQ,INE937C01029
Nila Spaces Limited,NSE Equity,NILASPACES,EQ,INE00S901012
Nile Limited,NSE Equity,NILE,EQ,INE445D01013
Nilkamal Limited,NSE Equity,NILKAMAL,EQ,INE310A01015
Nimbus Projects Limited,NSE Equity,NIMBSPROJ,BE,INE875B01015
NINtec Systems Limited,NSE Equity,NINSYS,BE,INE395U01014
Indo-National Limited,NSE Equity,NIPPOBATRY,EQ,INE567A01028
Niraj Cement Structurals Limited,NSE Equity,NIRAJ,BE,INE368I01016
Niraj Ispat Industries Limited,NSE Equity,NIRAJISPAT,EQ,INE326T01011
Nirlon Limited,NSE Equity,NIRLON,EQ,INE910A01012
Nitco Limited,NSE Equity,NITCO,EQ,INE858F01012
Nitin Spinners Limited,NSE Equity,NITINSPIN,EQ,INE229H01012
Nitiraj Engineers Limited,NSE Equity,NITIRAJ,EQ,INE439T01012
Nitta Gelatin India Limited,NSE Equity,NITTAGELA,EQ,INE265B01019
Niva Bupa Health Insurance Company Limited,Financial Services,NIVABUPA,EQ,INE995S01015
NK Industries Limited,NSE Equity,NKIND,EQ,INE542C01019
NLC India Limited,Power,NLCINDIA,EQ,INE589A01014
NMDC Limited,Metals & Mining,NMDC,EQ,INE584A01023
NOCIL Limited,NSE Equity,NOCIL,EQ,INE163A01018
Noida Toll Bridge Company Limited,NSE Equity,NOIDATOLL,BE,INE781B01015
Norben Tea & Exports Limited,NSE Equity,NORBTEAEXP,EQ,INE369C01017
Northern Arc Capital Limited,NSE Equity,NORTHARC,EQ,INE850M01015
Nova Agritech Limited,NSE Equity,NOVAAGRI,BE,INE02H701025
Novartis India Limited,NSE Equity,NOVARTIND,EQ,INE234A01025
Network People Services Technologies Limited,NSE Equity,NPST,EQ,INE0FFK01017
N R Agarwal Industries Limited,NSE Equity,NRAIL,EQ,INE740D01017
NRB Bearing Limited,NSE Equity,NRBBEARING,EQ,INE349A01021
Nupur Recyclers Limited,NSE Equity,NRL,BE,INE0JM501013
Nalwa Sons Investments Limited,NSE Equity,NSIL,EQ,INE023A01030
NMDC Steel Limited,Metals & Mining,NSLNISP,EQ,INE0NNS01018
NTPC Limited,Power,NTPC,EQ,INE733E01010
NTPC Green Energy Limited,Power,NTPCGREEN,EQ,INE0ONG01011
Nucleus Software Exports Limited,NSE Equity,NUCLEUS,EQ,INE096B01018
Nureca Limited,NSE Equity,NURECA,EQ,INE0DSF01015
Nuvama Wealth Management Limited,Financial Services,NUVAMA,EQ,INE531F01023
Nuvoco Vistas Corporation Limited,Construction Materials,NUVOCO,EQ,INE118D01016
FSN E-Commerce Ventures Limited,Consumer Services,NYKAA,EQ,INE388Y01029
Oriental Aromatics Limited,NSE Equity,OAL,EQ,INE959C01023
OBCL Limited,NSE Equity,OBCL,EQ,INE426Z01016
Oberoi Realty Limited,Realty,OBEROIRLTY,EQ,INE093I01010
OCCL Limited,NSE Equity,OCCLLTD,BE,INE0PK601023
Odigma Consultancy Solutions Limited,NSE Equity,ODIGMA,BE,INE054301028
Oracle Financial Services Software Limited,Information Technology,OFSS,EQ,INE881D01027
Oil India Limited,Oil Gas & Consumable Fuels,OIL,EQ,INE274J01014
Oil Country Tubular Limited,NSE Equity,OILCOUNTUB,BE,INE591A01010
Ola Electric Mobility Limited,Automobile and Auto Components,OLAELEC,EQ,INE0LXG01040
Olectra Greentech Limited,Automobile and Auto Components,OLECTRA,EQ,INE260D01016
Omax Autos Limited,NSE Equity,OMAXAUTO,BE,INE090B01011
Omaxe Limited,NSE Equity,OMAXE,EQ,INE800H01010
Om Freight Forwarders Limited,NSE Equity,OMFREIGHT,BE,INE1BZC01019
OM INFRA LIMITED,NSE Equity,OMINFRAL,EQ,INE239D01028
Omnitech Engineering Limited,NSE Equity,OMNI,EQ,INE0UH301010
Om Power Transmission Limited,NSE Equity,OMPOWER,EQ,INE25E901019
Onelife Capital Advisors Limited,NSE Equity,ONELIFECAP,BE,INE912L01015
One Point One Solutions Limited,NSE Equity,ONEPOINT,EQ,INE840Y01029
Onesource Specialty Pharma Limited,Healthcare,ONESOURCE,EQ,INE013P01021
Oil & Natural Gas Corporation Limited,Oil Gas & Consumable Fuels,ONGC,EQ,INE213A01029
Onida Electronics Limited,NSE Equity,ONIDA,BE,INE831A01028
OnMobile Global Limited,NSE Equity,ONMOBILE,BE,INE809I01019
Onward Technologies Limited,NSE Equity,ONWARDTEC,EQ,INE229A01017
Optiemus Infracom Limited,NSE Equity,OPTIEMUS,EQ,INE350C01017
Orbit Exports Limited,NSE Equity,ORBTEXP,BE,INE231G01010
Orchasp Limited,NSE Equity,ORCHASP,EQ,INE215B01022
Orchid Pharma Limited,NSE Equity,ORCHPHARMA,EQ,INE191A01027
Oricon Enterprises Limited,NSE Equity,ORICONENT,EQ,INE730A01022
Oriental Trimex Limited,NSE Equity,ORIENTALTL,EQ,INE998H01012
Orient Bell Limited,NSE Equity,ORIENTBELL,EQ,INE607D01018
Orient Cement Limited,NSE Equity,ORIENTCEM,EQ,INE876N01018
ORIENT CERATECH LIMITED,NSE Equity,ORIENTCER,EQ,INE569C01020
Orient Electric Limited,NSE Equity,ORIENTELEC,EQ,INE142Z01019
Oriental Hotels Limited,NSE Equity,ORIENTHOT,EQ,INE750A01020
Orient Press Limited,NSE Equity,ORIENTLTD,BE,INE609C01024
Orient Paper & Industries Limited,NSE Equity,ORIENTPPR,EQ,INE592A01026
Orient Technologies Limited,NSE Equity,ORIENTTECH,EQ,INE0PPK01015
The Orissa Minerals Development Company Limited,NSE Equity,ORISSAMINE,EQ,INE725E01024
Orkla India Limited,NSE Equity,ORKLAINDIA,EQ,INE16NZ01023
ORTIN GLOBAL LIMITED,NSE Equity,ORTINGLOBE,BE,INE749B01020
Osia Hyper Retail Limited,NSE Equity,OSIAHYPER,BE,INE06IR01021
Oswal Agro Mills Limited,NSE Equity,OSWALAGRO,EQ,INE142A01012
Oswal Greentech Limited,NSE Equity,OSWALGREEN,EQ,INE143A01010
Oswal Pumps Limited,NSE Equity,OSWALPUMPS,EQ,INE0BYP01024
ShreeOswal Seeds And Chemicals Limited,NSE Equity,OSWALSEEDS,EQ,INE00IK01029
Pace Digitek Limited,NSE Equity,PACEDIGITK,EQ,INE0S3G01027
Page Industries Limited,Textiles,PAGEIND,EQ,INE761H01022
Paisalo Digital Limited,NSE Equity,PAISALO,EQ,INE420C01059
PAKKA LIMITED,NSE Equity,PAKKA,EQ,INE551D01018
Palash Securities Limited,NSE Equity,PALASHSECU,EQ,INE471W01019
Palred Technologies Limited,NSE Equity,PALREDTEC,BE,INE218G01033
Panacea Biotec Limited,NSE Equity,PANACEABIO,EQ,INE922B01023
Panache Digilife Limited,NSE Equity,PANACHE,BE,INE895W01019
Panama Petrochem Limited,NSE Equity,PANAMAPET,EQ,INE305C01029
Pansari Developers Limited,NSE Equity,PANSARI,EQ,INE697V01011
Par Drugs And Chemicals Limited,NSE Equity,PAR,EQ,INE04LG01015
Paramount Communications Limited,NSE Equity,PARACABLES,EQ,INE074B01023
Paradeep Phosphates Limited,Chemicals,PARADEEP,EQ,INE088F01024
Parag Milk Foods Limited,NSE Equity,PARAGMILK,EQ,INE883N01014
Paras Defence and Space Technologies Limited,NSE Equity,PARAS,EQ,INE045601023
Paras Petrofils Limited,NSE Equity,PARASPETRO,EQ,INE162C01024
Park Medi World Limited,NSE Equity,PARKHOSPS,EQ,INE119201023
Apeejay Surrendra Park Hotels Limited,NSE Equity,PARKHOTELS,EQ,INE988S01028
Parsvnath Developers Limited,NSE Equity,PARSVNATH,BE,INE561H01026
Pashupati Cotspin Limited,NSE Equity,PASHUPATI,EQ,INE124Y01028
Pasupati Acrylon Limited,NSE Equity,PASUPTAC,BE,INE818B01023
Patanjali Foods Limited,Fast Moving Consumer Goods,PATANJALI,EQ,INE619A01035
Patel Engineering Limited,NSE Equity,PATELENG,EQ,INE244B01030
Patel Retail Limited,NSE Equity,PATELRMART,EQ,INE0R8B01010
Patel Integrated Logistics Limited,NSE Equity,PATINTLOG,BE,INE529D01014
Paushak Limited,NSE Equity,PAUSHAKLTD,EQ,INE111F01024
Pavna Industries Limited,NSE Equity,PAVNAIND,EQ,INE07S101038
One 97 Communications Limited,Financial Services,PAYTM,EQ,INE982J01020
PCBL Chemical Limited,Chemicals,PCBL,EQ,INE602A01031
PC Jeweller Limited,NSE Equity,PCJEWELLER,EQ,INE785M01021
Pudumjee Paper Products Limited,NSE Equity,PDMJEPAPER,EQ,INE865T01018
PDS Limited,NSE Equity,PDSL,EQ,INE111Q01021
Pearl Polymers Limited,NSE Equity,PEARLPOLY,BE,INE844A01013
Pennar Industries Limited,NSE Equity,PENIND,EQ,INE932A01024
Peninsula Land Limited,NSE Equity,PENINLAND,BE,INE138A01028
Persistent Systems Limited,Information Technology,PERSISTENT,EQ,INE262H01021
Petronet LNG Limited,Oil Gas & Consumable Fuels,PETRONET,EQ,INE347G01014
Power Finance Corporation Limited,Financial Services,PFC,EQ,INE134E01011
Pfizer Limited,Healthcare,PFIZER,EQ,INE182A01018
Prime Focus Limited,Media Entertainment & Publication,PFOCUS,EQ,INE367G01038
PTC India Financial Services Limited,NSE Equity,PFS,EQ,INE560K01014
PG Electroplast Limited,Consumer Durables,PGEL,EQ,INE457L01029
Procter & Gamble Hygiene and Health Care Limited,NSE Equity,PGHH,EQ,INE179A01014
Procter & Gamble Health Limited,NSE Equity,PGHL,EQ,INE199A01012
Pearl Global Industries Limited,NSE Equity,PGIL,EQ,INE940H01022
The Phoenix Mills Limited,Realty,PHOENIXLTD,EQ,INE211B01039
Piccadily Agro Industries Limited,NSE Equity,PICCADIL,EQ,INE546C01010
Pidilite Industries Limited,Chemicals,PIDILITIND,EQ,INE318A01026
Power & Instrumentation (Gujarat) Limited,NSE Equity,PIGL,EQ,INE557Z01018
PI Industries Limited,Chemicals,PIIND,EQ,INE603J01030
Pilani Investment and Industries Corporation Limited,NSE Equity,PILANIINVS,EQ,INE417C01014
PIL ITALICA LIFESTYLE LIMITED,NSE Equity,PILITA,BE,INE600A01035
Pine Labs Limited,Financial Services,PINELABS,EQ,INE15B701018
Pioneer Embroideries Limited,NSE Equity,PIONEEREMB,EQ,INE156C01018
Pioneer Investcorp Limited,NSE Equity,PIONRINV,BE,INE746D01014
Piramal Finance Limited,Financial Services,PIRAMALFIN,EQ,INE202B01038
Pitti Engineering Limited,NSE Equity,PITTIENG,EQ,INE450D01021
Pix Transmissions Limited,NSE Equity,PIXTRANS,EQ,INE751B01018
The Peria Karamalai Tea & Produce Company Limited,NSE Equity,PKTEA,EQ,INE431F01018
Plastiblends India Limited,NSE Equity,PLASTIBLEN,EQ,INE083C01022
Platinum Industries Limited,NSE Equity,PLATIND,EQ,INE0PT501018
Plaza Wires Limited,NSE Equity,PLAZACABLE,BE,INE0INJ01017
Paul Merchants Limited,NSE Equity,PML,EQ,INE291E01019
Punjab National Bank,Financial Services,PNB,EQ,INE160A01022
PNB Gilts Limited,NSE Equity,PNBGILTS,EQ,INE859A01011
PNB Housing Finance Limited,Financial Services,PNBHOUSING,EQ,INE572E01012
Pritish Nandy Communications Limited,NSE Equity,PNC,EQ,INE392B01011
PNC Infratech Limited,NSE Equity,PNCINFRA,EQ,INE195J01029
P N Gadgil Jewellers Limited,NSE Equity,PNGJL,EQ,INE953R01016
PNGS Reva Diamond Jewellery Limited,NSE Equity,PNGSREVA,EQ,INE1RDG01013
Pondy Oxides & Chemicals Limited,NSE Equity,POCL,EQ,INE063E01061
Poddar Pigments Limited,NSE Equity,PODDARMENT,EQ,INE371C01013
Pokarna Limited,NSE Equity,POKARNA,EQ,INE637C01025
PB Fintech Limited,Financial Services,POLICYBZR,EQ,INE417T01026
Polycab India Limited,Capital Goods,POLYCAB,EQ,INE455K01017
Poly Medicure Limited,Healthcare,POLYMED,EQ,INE205C01021
Polyplex Corporation Limited,NSE Equity,POLYPLEX,EQ,INE633B01018
Ponni Sugars (Erode) Limited,NSE Equity,PONNIERODE,EQ,INE838E01017
Poonawalla Fincorp Limited,Financial Services,POONAWALLA,EQ,INE511C01022
Power Grid Corporation of India Limited,Power,POWERGRID,EQ,INE752E01010
Powerica Limited,NSE Equity,POWERICA,EQ,INE921L01032
Hitachi Energy India Limited,Capital Goods,POWERINDIA,EQ,INE07Y701011
Power Mech Projects Limited,NSE Equity,POWERMECH,EQ,INE211R01019
PPAP Automotive Limited,NSE Equity,PPAP,BE,INE095I01015
Prakash Pipes Limited,NSE Equity,PPL,BE,INE050001010
Piramal Pharma Limited,Healthcare,PPLPHARMA,EQ,INE0DK501011
Prabha Energy Limited,NSE Equity,PRABHA,EQ,INE0I0M01023
Pradeep Metals Limited,NSE Equity,PRADPME,BE,INE770A01010
Prajay Engineers Syndicate Limited,NSE Equity,PRAENG,EQ,INE505C01016
Praj Industries Limited,NSE Equity,PRAJIND,EQ,INE074A01025
Prakash Industries Limited,NSE Equity,PRAKASH,EQ,INE603A01013
Prakash Steelage Limited,NSE Equity,PRAKASHSTL,EQ,INE696K01024
Praveg Limited,NSE Equity,PRAVEG,EQ,INE722B01019
Praxis Home Retail Limited,NSE Equity,PRAXIS,BE,INE546Y01022
Precision Camshafts Limited,NSE Equity,PRECAM,EQ,INE484I01029
Precot Limited,NSE Equity,PRECOT,EQ,INE283A01014
Precision Wires India Limited,NSE Equity,PRECWIRE,EQ,INE372C01037
Premco Global Limited,NSE Equity,PREMCO,EQ,INE001E01012
Premier Explosives Limited,NSE Equity,PREMEXPLN,EQ,INE863B01029
Premier Limited,NSE Equity,PREMIER,BE,INE342A01018
Premier Energies Limited,Capital Goods,PREMIERENE,EQ,INE0BS701011
Premier Polyfilm Limited,NSE Equity,PREMIERPOL,EQ,INE309M01020
Prestige Estates Projects Limited,Realty,PRESTIGE,EQ,INE811K01011
Pricol Limited,NSE Equity,PRICOLLTD,EQ,INE726V01018
Prime Securities Limited,NSE Equity,PRIMESECU,EQ,INE032B01021
Primo Chemicals Limited,NSE Equity,PRIMO,EQ,INE607A01022
Prince Pipes And Fittings Limited,NSE Equity,PRINCEPIPE,EQ,INE689W01016
Priti International Limited,NSE Equity,PRITI,BE,INE974Z01015
Pritika Auto Industries Limited,NSE Equity,PRITIKAUTO,BE,INE583R01029
Privi Speciality Chemicals Limited,NSE Equity,PRIVISCL,EQ,INE959A01019
Prostarm Info Systems Limited,NSE Equity,PROSTARM,EQ,INE0BX301013
Protean eGov Technologies Limited,NSE Equity,PROTEAN,EQ,INE004A01022
Prozone Realty Limited,NSE Equity,PROZONER,EQ,INE195N01013
Prism Johnson Limited,NSE Equity,PRSMJOHNSN,EQ,INE010A01011
Prudent Corporate Advisory Services Limited,NSE Equity,PRUDENT,EQ,INE00F201020
Prudential Sugar Corporation Limited,NSE Equity,PRUDMOULI,BE,INE024D01016
Punjab & Sind Bank,NSE Equity,PSB,EQ,INE608A01012
PSP Projects Limited,NSE Equity,PSPPROJECT,EQ,INE488V01015
PTC India Limited,NSE Equity,PTC,EQ,INE877F01012
PTC Industries Limited,Capital Goods,PTCIL,EQ,INE596F01018
PTL Enterprises Limited,NSE Equity,PTL,EQ,INE034D01049
Punjab Chemicals & Crop Protection Limited,NSE Equity,PUNJABCHEM,EQ,INE277B01014
Puravankara Limited,NSE Equity,PURVA,EQ,INE323I01011
PVP Ventures Limited,NSE Equity,PVP,EQ,INE362A01016
PVR INOX Limited,Media Entertainment & Publication,PVRINOX,EQ,INE191H01014
Popular Vehicles and Services Limited,NSE Equity,PVSL,EQ,INE772T01024
Physicswallah Limited,Consumer Services,PWL,EQ,INE0LP301011
Pyramid Technoplast Limited,NSE Equity,PYRAMID,EQ,INE0MIS01010
QMS Medical Allied Services Limited,NSE Equity,QMSMEDI,EQ,INE0FMW01018
Quality Power Electrical Equipments Limited,NSE Equity,QPOWER,BE,INE0SII01026
Quadrant Future Tek Limited,NSE Equity,QUADFUTURE,EQ,INE0LRY01011
Quess Corp Limited,NSE Equity,QUESS,EQ,INE615P01015
Quick Heal Technologies Limited,NSE Equity,QUICKHEAL,BE,INE306L01010
Quint Digital Limited,NSE Equity,QUINT,EQ,INE641R01017
Race Eco Chain Limited,NSE Equity,RACE,EQ,INE084Q01012
RACL Geartech Limited,NSE Equity,RACLGEAR,EQ,INE704B01017
Radaan Mediaworks India Limited,NSE Equity,RADAAN,EQ,INE874F01027
Radhika Jeweltech Limited,NSE Equity,RADHIKAJWE,EQ,INE583V01021
Radiant Cash Management Services Limited,NSE Equity,RADIANTCMS,EQ,INE855R01021
Radico Khaitan Limited,Fast Moving Consumer Goods,RADICO,EQ,INE944F01028
Music Broadcast Limited,NSE Equity,RADIOCITY,EQ,INE919I01024
Railtel Corporation Of India Limited,Telecommunication,RAILTEL,EQ,INE0DD101019
Rain Industries Limited,NSE Equity,RAIN,EQ,INE855B01025
Rainbow Childrens Medicare Limited,Healthcare,RAINBOW,EQ,INE961O01016
Rajnandini Metal Limited,NSE Equity,RAJMET,EQ,INE00KV01022
Rajoo Engineers Limited,NSE Equity,RAJOOENG,BE,INE535F01024
Rajapalayam Mills Limited,NSE Equity,RAJPALAYAM,EQ,INE296E01026
Rajratan Global Wire Limited,NSE Equity,RAJRATAN,EQ,INE451D01029
Raj Rayon Industries Limited,NSE Equity,RAJRILTD,BE,INE533D01032
Rajshree Sugars & Chemicals Limited,NSE Equity,RAJSREESUG,EQ,INE562B01019
Raj Television Network Limited,NSE Equity,RAJTV,EQ,INE952H01027
Rallis India Limited,NSE Equity,RALLIS,EQ,INE613A01020
Shree Rama Newsprint Limited,NSE Equity,RAMANEWS,EQ,INE278B01020
Rama Phosphates Limited,NSE Equity,RAMAPHO,EQ,INE809A01032
Rama Steel Tubes Limited,NSE Equity,RAMASTEEL,BE,INE230R01035
Advit Jewels Limited,NSE Equity,RAMBHAJO,EQ,INE1SJO01012
The Ramco Cements Limited,Construction Materials,RAMCOCEM,EQ,INE331A01037
Ramco Industries Limited,NSE Equity,RAMCOIND,EQ,INE614A01028
Ramco Systems Limited,NSE Equity,RAMCOSYS,EQ,INE246B01019
Ramky Infrastructure Limited,NSE Equity,RAMKY,EQ,INE874I01013
Ram Ratna Wires Limited,NSE Equity,RAMRAT,EQ,INE207E01023
Rana Sugars Limited,NSE Equity,RANASUG,EQ,INE625B01014
Rane Holdings Limited,NSE Equity,RANEHOLDIN,EQ,INE384A01010
Rategain Travel Technologies Limited,NSE Equity,RATEGAIN,EQ,INE0CLI01024
Ratnamani Metals & Tubes Limited,NSE Equity,RATNAMANI,EQ,INE703B01027
Ratnaveer Precision Engineering Limited,NSE Equity,RATNAVEER,EQ,INE05CZ01011
Raymond Limited,NSE Equity,RAYMOND,EQ,INE301A01014
Raymond Lifestyle Limited,NSE Equity,RAYMONDLSL,EQ,INE02ID01020
Raymond Realty Limited,NSE Equity,RAYMONDREL,EQ,INE1SY401010
Restaurant Brands Asia Limited,NSE Equity,RBA,EQ,INE07T201019
RBL Bank Limited,Financial Services,RBLBANK,EQ,INE976G01028
RBZ Jewellers Limited,NSE Equity,RBZJEWEL,EQ,INE0PEQ01016
Rashtriya Chemicals and Fertilizers Limited,NSE Equity,RCF,EQ,INE027A01015
Reliance Communications Limited,NSE Equity,RCOM,BE,INE330H01018
REC Limited,Financial Services,RECLTD,EQ,INE020B01018
Redington Limited,Services,REDINGTON,EQ,INE891D01026
Redtape Limited,NSE Equity,REDTAPE,EQ,INE0LXT01019
Refex Industries Limited,NSE Equity,REFEX,EQ,INE056I01025
Regaal Resources Limited,NSE Equity,REGAAL,BE,INE0MHO01029
Regency Ceramics Limited,NSE Equity,REGENCERAM,EQ,INE277C01012
Relaxo Footwears Limited,NSE Equity,RELAXO,EQ,INE131B01039
Reliance Chemotex Industries Limited,NSE Equity,RELCHEMQ,EQ,INE750D01016
Reliable Data Services Limited,NSE Equity,RELIABLE,EQ,INE375Y01018
Reliance Industries Limited,Oil Gas & Consumable Fuels,RELIANCE,EQ,INE002A01018
Religare Enterprises Limited,NSE Equity,RELIGARE,EQ,INE621H01010
Ravindra Energy Limited,NSE Equity,RELTD,EQ,INE206N01018
Remsons Industries Limited,NSE Equity,REMSONSIND,EQ,INE474C01023
Shree Renuka Sugars Limited,NSE Equity,RENUKA,EQ,INE087H01022
Repco Home Finance Limited,NSE Equity,REPCOHOME,EQ,INE612J01015
Rudrabhishek Enterprises Limited,NSE Equity,REPL,BE,INE364Z01019
Repro India Limited,NSE Equity,REPRO,EQ,INE461B01014
Responsive Industries Limited,NSE Equity,RESPONIND,EQ,INE688D01026
JHS Svendgaard Retail Ventures Limited,NSE Equity,RETAIL,EQ,INE03DD01011
Renaissance Global Limited,NSE Equity,RGL,EQ,INE722H01024
Rhetan TMT Limited,NSE Equity,RHETAN,EQ,INE0KKN01029
RHI MAGNESITA INDIA LIMITED,Capital Goods,RHIM,EQ,INE743M01012
Robust Hotels Limited,NSE Equity,RHL,EQ,INE508K01013
Rico Auto Industries Limited,NSE Equity,RICOAUTO,EQ,INE209B01025
Reliance Industrial Infrastructure Limited,NSE Equity,RIIL,EQ,INE046A01015
RIR Power Electronics Limited,NSE Equity,RIR,EQ,INE302D01024
Rishabh Instruments Limited,NSE Equity,RISHABH,EQ,INE0N2P01017
Ritco Logistics Limited,NSE Equity,RITCO,EQ,INE01EG01016
RITES Limited,Construction,RITES,EQ,INE320J01015
Ravi Kumar Distilleries Limited,NSE Equity,RKDL,EQ,INE722J01012
RKEC Projects Limited,NSE Equity,RKEC,EQ,INE786W01010
Ramkrishna Forgings Limited,Automobile and Auto Components,RKFORGE,EQ,INE399G01023
R K Swamy Limited,NSE Equity,RKSWAMY,EQ,INE0NQ801033
RMC Switchgears Limited,NSE Equity,RMC,EQ,INE655V01019
R M Drip and Sprinklers Systems Limited,NSE Equity,RMDRIP,BE,INE219Y01026
Rane (Madras) Limited,NSE Equity,RML,EQ,INE050H01012
R&B Denims Limited,NSE Equity,RNBDENIMS,EQ,INE012Q01039
Royal Orchid Hotels Limited,NSE Equity,ROHLTD,EQ,INE283H01019
Rolex Rings Limited,NSE Equity,ROLEXRINGS,EQ,INE645S01024
Rollatainers Limited,NSE Equity,ROLLT,BE,INE927A01040
Raj Oil Mills Limited,NSE Equity,ROML,EQ,INE294G01026
Rossari Biotech Limited,NSE Equity,ROSSARI,EQ,INE02A801020
Rossell India Limited,NSE Equity,ROSSELLIND,EQ,INE847C01020
Rossell Techsys Limited,NSE Equity,ROSSTECH,EQ,INE0OJW01016
Roto Pumps Limited,NSE Equity,ROTO,EQ,INE535D01037
ROUTE MOBILE LIMITED,NSE Equity,ROUTE,EQ,INE450U01017
Raghav Productivity Enhancers Limited,NSE Equity,RPEL,EQ,INE912T01018
RPG Life Sciences Limited,NSE Equity,RPGLIFE,EQ,INE105J01010
Reliance Power Limited,Power,RPOWER,EQ,INE614G01033
R.P.P. Infra Projects Limited,NSE Equity,RPPINFRA,EQ,INE324L01013
Rajshree Polypack Limited,NSE Equity,RPPL,EQ,INE760W01023
RPSG VENTURES LIMITED,NSE Equity,RPSGVENT,EQ,INE425Y01011
Rashi Peripherals Limited,NSE Equity,RPTECH,EQ,INE0J1F01024
RRIL Limited,NSE Equity,RRIL,EQ,INE951M01037
R R Kabel Limited,Capital Goods,RRKABEL,EQ,INE777K01022
RSD Finance Limited,NSE Equity,RSDFIN,EQ,INE616F01022
Rajputana Stainless Limited,NSE Equity,RSL,EQ,INE313L01016
R. S. Software (India) Limited,NSE Equity,RSSOFTWARE,BE,INE165B01029
RSWM Limited,NSE Equity,RSWM,BE,INE611A01016
R Systems International Limited,NSE Equity,RSYSTEMS,EQ,INE411H01032
RattanIndia Enterprises Limited,NSE Equity,RTNINDIA,EQ,INE834M01019
RattanIndia Power Limited,NSE Equity,RTNPOWER,EQ,INE399K01017
Rubfila International Limited,NSE Equity,RUBFILA,EQ,INE642C01025
Rubicon Research Limited,NSE Equity,RUBICON,EQ,INE506V01022
The Ruby Mills Limited,NSE Equity,RUBYMILLS,BE,INE301D01026
Ruchi Infrastructure Limited,NSE Equity,RUCHINFRA,EQ,INE413B01023
Ruchira Papers Limited,NSE Equity,RUCHIRA,EQ,INE803H01014
Rudra Global Infra Products Limited,NSE Equity,RUDRA,EQ,INE027T01023
Rupa & Company Limited,NSE Equity,RUPA,EQ,INE895B01021
Rushil Decor Limited,NSE Equity,RUSHIL,EQ,INE573K01025
Keystone Realtors Limited,NSE Equity,RUSTOMJEE,EQ,INE263M01029
Ravinder Heights Limited,NSE Equity,RVHL,EQ,INE09E501017
Rail Vikas Nigam Limited,Construction,RVNL,EQ,INE415G01027
Revathi Equipment India Limited,NSE Equity,RVTH,EQ,INE0DAB01012
S&S Power Switchgears Limited,NSE Equity,S&SPOWER,EQ,INE902B01017
Saatvik Green Energy Limited,NSE Equity,SAATVIKGL,EQ,INE13B501022
Sab Events & Governance Now Media Limited,NSE Equity,SABEVENTS,EQ,INE860T01019
Sadbhav Engineering Limited,NSE Equity,SADBHAV,EQ,INE226H01026
Sadbhav Infrastructure Project Limited,NSE Equity,SADBHIN,BE,INE764L01010
Sadhana Nitrochem Limited,NSE Equity,SADHNANIQ,BE,INE888C01040
Safari Industries (India) Limited,NSE Equity,SAFARI,EQ,INE429E01023
Sagardeep Alloys Limited,NSE Equity,SAGARDEEP,EQ,INE976T01013
Sagar Cements Limited,NSE Equity,SAGCEM,EQ,INE229C01021
SAGILITY LIMITED,Information Technology,SAGILITY,EQ,INE0W2G01015
Shalibhadra Finance Limited,NSE Equity,SAHLIBHFI,EQ,INE861D01011
Sahyadri Industries Limited,NSE Equity,SAHYADRI,EQ,INE280H01015
Steel Authority of India Limited,Metals & Mining,SAIL,EQ,INE114A01011
Sai Life Sciences Limited,Healthcare,SAILIFE,EQ,INE570L01029
Sai Parenterals Limited,NSE Equity,SAIPARENT,EQ,INE0H9F01037
Sakar Healthcare Limited,NSE Equity,SAKAR,EQ,INE732S01012
Sakthi Sugars Limited,NSE Equity,SAKHTISUG,EQ,INE623A01011
Saksoft Limited,NSE Equity,SAKSOFT,EQ,INE667G01023
Sakuma Exports Limited,NSE Equity,SAKUMA,EQ,INE190H01024
Salasar Techno Engineering Limited,NSE Equity,SALASAR,EQ,INE170V01027
Salona Cotspin Limited,NSE Equity,SALONA,EQ,INE498E01010
S.A.L. Steel Limited,NSE Equity,SALSTEEL,BE,INE658G01014
Salzer Electronics Limited,NSE Equity,SALZERELEC,EQ,INE457F01013
Sambhaav Media Limited,NSE Equity,SAMBHAAV,EQ,INE699B01027
Sambhv Steel Tubes Limited,NSE Equity,SAMBHV,EQ,INE12NJ01018
Samhi Hotels Limited,NSE Equity,SAMHI,EQ,INE08U801020
Sammaan Capital Limited,Financial Services,SAMMAANCAP,EQ,INE148I01020
Sampann Utpadan India Limited,NSE Equity,SAMPANN,EQ,INE735M01018
Sanathan Textiles Limited,NSE Equity,SANATHAN,EQ,INE0JPD01013
The Sandesh Limited,NSE Equity,SANDESH,EQ,INE583B01015
Sandhar Technologies Limited,NSE Equity,SANDHAR,EQ,INE278H01035
Sandur Manganese & Iron Ores Limited,NSE Equity,SANDUMA,EQ,INE149K01016
Sangam (India) Limited,NSE Equity,SANGAMIND,EQ,INE495C01010
Sanghvi Movers Limited,NSE Equity,SANGHVIMOV,EQ,INE989A01032
Sanginita Chemicals Limited,NSE Equity,SANGINITA,BE,INE753W01010
Sanofi India Limited,NSE Equity,SANOFI,EQ,INE058A01010
Sanofi Consumer Healthcare India Limited,NSE Equity,SANOFICONR,EQ,INE0UOS01011
Sansera Engineering Limited,NSE Equity,SANSERA,EQ,INE953O01021
Sanstar Limited,NSE Equity,SANSTAR,EQ,INE08NE01025
Sapphire Foods India Limited,Consumer Services,SAPPHIRE,EQ,INE806T01020
Shree Ajit Pulp & Paper Limited,NSE Equity,SAPPL,EQ,INE185C01017
Sarda Energy & Minerals Limited,Metals & Mining,SARDAEN,EQ,INE385C01021
Saregama India Limited,Media Entertainment & Publication,SAREGAMA,EQ,INE979A01025
Sarla Performance Fibers Limited,NSE Equity,SARLAPOLY,EQ,INE453D01025
Sarveshwar Foods Limited,NSE Equity,SARVESHWAR,EQ,INE324X01026
Sasken Technologies Limited,NSE Equity,SASKEN,EQ,INE231F01020
Satia Industries Limited,NSE Equity,SATIA,EQ,INE170E01023
Satin Creditcare Network Limited,NSE Equity,SATIN,EQ,INE836B01017
Saurashtra Cement Limited,NSE Equity,SAURASHCEM,EQ,INE626A01014
Sayaji Hotels Limited,NSE Equity,SAYAJIHOTL,EQ,INE318C01014
SBC Exports Limited,NSE Equity,SBC,EQ,INE04AK01028
Shivalik Bimetal Controls Limited,NSE Equity,SBCL,EQ,INE386D01027
SBFC Finance Limited,Financial Services,SBFC,EQ,INE423Y01016
Suratwwala Business Group Limited,NSE Equity,SBGLP,EQ,INE05ST01028
SBI Cards and Payment Services Limited,Financial Services,SBICARD,EQ,INE018E01016
SBI Funds Management Limited,NSE Equity,SBIFUNDS,EQ,INE640G01020
SBI Life Insurance Company Limited,Financial Services,SBILIFE,EQ,INE123W01016
State Bank of India,Financial Services,SBIN,EQ,INE062A01020
Scan Steels Limited,NSE Equity,SCANSTL,EQ,INE099G01011
Schaeffler India Limited,Automobile and Auto Components,SCHAEFFLER,EQ,INE513A01022
S Chand And Company Limited,NSE Equity,SCHAND,EQ,INE807K01035
Schneider Electric Infrastructure Limited,Capital Goods,SCHNEIDER,EQ,INE839M01018
Shipping Corporation Of India Limited,Services,SCI,EQ,INE109A01011
Shipping Corporation of India Land and Assets Limited,NSE Equity,SCILAL,EQ,INE0PB301013
Scoda Tubes Limited,NSE Equity,SCODATUBES,EQ,INE090501011
Sheetal Cool Products Limited,NSE Equity,SCPL,EQ,INE501Y01019
Som Distilleries & Breweries Limited,NSE Equity,SDBL,EQ,INE480C01038
Seamec Limited,NSE Equity,SEAMECLTD,EQ,INE497B01018
SecMark Consultancy Limited,NSE Equity,SECMARK,EQ,INE0BTM01013
SECUREKLOUD TECHNOLOGIES LIMITED,NSE Equity,SECURKLOUD,EQ,INE650K01021
SEDEMAC Mechatronics Limited,NSE Equity,SEDEMAC,EQ,INE00XB01019
Shanti Educational Initiatives Limited,NSE Equity,SEIL,EQ,INE440T01028
Sejal Glass Limited,NSE Equity,SEJALLTD,BE,INE955I01044
SEL Manufacturing Company Limited,NSE Equity,SELMC,EQ,INE105I01020
Semac Construction Limited,NSE Equity,SEMAC,BE,INE617A01013
Senco Gold Limited,NSE Equity,SENCO,EQ,INE602W01027
Senores Pharmaceuticals Limited,NSE Equity,SENORES,EQ,INE0RB801010
SEPC Limited,NSE Equity,SEPC,EQ,INE964H01014
Servotech Renewable Power System Limited,NSE Equity,SERVOTECH,EQ,INE782X01033
Seshasayee Paper and Boards Limited,NSE Equity,SESHAPAPER,EQ,INE630A01024
Setco Automotive Limited,NSE Equity,SETCO,BE,INE878E01021
Standard Engineering Technology Limited,NSE Equity,SETL,EQ,INE0M4D01010
Seya Industries Limited,NSE Equity,SEYAIND,BE,INE573R01012
Sheela Foam Limited,NSE Equity,SFL,EQ,INE916U01025
SG Finserve Limited,NSE Equity,SGFIN,EQ,INE618R01015
Synergy Green Industries Limited,NSE Equity,SGIL,EQ,INE00QT01015
STL Global Limited,NSE Equity,SGL,EQ,INE353H01010
SG Mart Limited,NSE Equity,SGMART,EQ,INE385F01024
Shadowfax Technologies Limited,NSE Equity,SHADOWFAX,EQ,INE12UN01015
Shah Metacorp Limited,NSE Equity,SHAH,EQ,INE482J01021
Shah Alloys Limited,NSE Equity,SHAHALLOYS,EQ,INE640C01011
Shaily Engineering Plastics Limited,NSE Equity,SHAILY,EQ,INE151G01028
Shakti Pumps (India) Limited,NSE Equity,SHAKTIPUMP,EQ,INE908D01010
Shalby Limited,NSE Equity,SHALBY,EQ,INE597J01018
Shalimar Paints Limited,NSE Equity,SHALPAINTS,EQ,INE849C01026
Shankara Building Products Limited,NSE Equity,SHANKARA,EQ,INE274V01019
Shanti Overseas (India) Limited,NSE Equity,SHANTI,EQ,INE933X01016
Shanthi Gears Limited,NSE Equity,SHANTIGEAR,EQ,INE631A01022
Shanti Gold International Limited,NSE Equity,SHANTIGOLD,EQ,INE06ZD01017
Sharda Cropchem Limited,NSE Equity,SHARDACROP,EQ,INE221J01015
Sharda Motor Industries Limited,NSE Equity,SHARDAMOTR,EQ,INE597I01028
Shardul Securities Limited,NSE Equity,SHARDUL,BE,INE037B01020
Share India Securities Limited,NSE Equity,SHAREINDIA,EQ,INE932X01026
Shri Bajrang Alliance Limited,NSE Equity,SHBAJRG,EQ,INE402H01015
Shekhawati Industries Limited,NSE Equity,SHEKHAWATI,EQ,INE268L01046
Shemaroo Entertainment Limited,NSE Equity,SHEMAROO,BE,INE363M01019
Shilchar Technologies Limited,NSE Equity,SHILCTECH,EQ,INE024F01011
Shilpa Medicare Limited,NSE Equity,SHILPAMED,EQ,INE790G01031
Sharat Industries Limited,NSE Equity,SHINDL,EQ,INE220Z01013
Shivalik Rasayan Limited,NSE Equity,SHIVALIK,BE,INE788J01021
Shivam Autotech Limited,NSE Equity,SHIVAMAUTO,BE,INE637H01024
Shiva Mills Limited,NSE Equity,SHIVAMILLS,BE,INE644Y01017
Shiva Texyarn Limited,NSE Equity,SHIVATEX,EQ,INE705C01020
Shiv Aum Steels Limited,NSE Equity,SHIVAUM,EQ,INE719F01016
S H Kelkar and Company Limited,NSE Equity,SHK,EQ,INE500L01026
Shoppers Stop Limited,NSE Equity,SHOPERSTOP,EQ,INE498B01024
Shradha Realty Limited,NSE Equity,SHRADHA,EQ,INE715Y01031
Shree Digvijay Cement Co.Ltd,NSE Equity,SHREDIGCEM,EQ,INE232A01011
SHREE CEMENT LIMITED,Construction Materials,SHREECEM,EQ,INE070A01015
Shreeji Shipping Global Limited,NSE Equity,SHREEJISPG,EQ,INE1B6101010
Shree Pushkar Chemicals & Fertilisers Limited,NSE Equity,SHREEPUSHK,EQ,INE712K01011
Shree Rama Multi-Tech Limited,NSE Equity,SHREERAMA,EQ,INE879A01019
Shreyans Industries Limited,NSE Equity,SHREYANIND,EQ,INE231C01019
Shri Krishna Devcon Limited,NSE Equity,SHRIKRISH,EQ,INE997I01012
Shringar House of Mangalsutra Limited,NSE Equity,SHRINGARMS,EQ,INE1B3L01017
SPR Auto Technologies Limited,NSE Equity,SHRIPISTON,EQ,INE526E01018
Shriram Finance Limited,Financial Services,SHRIRAMFIN,EQ,INE721A01047
Shriram Properties Limited,NSE Equity,SHRIRAMPPS,EQ,INE217L01019
Shyam Century Ferrous Limited,NSE Equity,SHYAMCENT,BE,INE979R01011
Shyam Metalics and Energy Limited,Capital Goods,SHYAMMETL,EQ,INE810G01011
Shyam Telecom Limited,NSE Equity,SHYAMTEL,BE,INE635A01023
Sicagen India Limited,NSE Equity,SICAGEN,EQ,INE176J01011
Sical Logistics Limited,NSE Equity,SICALLOG,EQ,INE075B01020
Siemens Limited,Capital Goods,SIEMENS,EQ,INE003A01024
Sigachi Industries Limited,NSE Equity,SIGACHI,BE,INE0D0K01022
Signet Industries Limited,NSE Equity,SIGIND,EQ,INE529F01035
Sigma Solve Limited,NSE Equity,SIGMA,EQ,INE0A0S01028
SIGMA ADVANCED SYSTEMS LIMITED,NSE Equity,SIGMAADV,BE,INE933B01012
Signatureglobal (India) Limited,Realty,SIGNATURE,EQ,INE903U01023
Signpost India Limited,NSE Equity,SIGNPOST,EQ,INE0KGZ01021
Sika Interplant Systems Limited,NSE Equity,SIKA,EQ,INE438E01032
Sikko Industries Limited,NSE Equity,SIKKO,EQ,INE112X01025
Standard Industries Limited,NSE Equity,SIL,EQ,INE173A01025
Silgo Retail Limited,NSE Equity,SILGO,EQ,INE01II01013
SIL Investments Limited,NSE Equity,SILINV,EQ,INE923A01015
Silly Monks Entertainment Limited,NSE Equity,SILLYMONKS,EQ,INE203Y01012
Silver Touch Technologies Limited,NSE Equity,SILVERTUC,EQ,INE625X01026
Simplex Infrastructures Limited,NSE Equity,SIMPLEXINF,EQ,INE059B01024
Sinclairs Hotels Limited,NSE Equity,SINCLAIR,EQ,INE985A01022
Sindhu Trade Links Limited,NSE Equity,SINDHUTRAD,EQ,INE325D01025
Singer India Limited,NSE Equity,SINGERIND,EQ,INE638A01035
Sintercom India Limited,NSE Equity,SINTERCOM,EQ,INE129Z01016
Sirca Paints India Limited,NSE Equity,SIRCA,EQ,INE792Z01011
SIS LIMITED,NSE Equity,SIS,EQ,INE285J01028
Siyaram Silk Mills Limited,NSE Equity,SIYSIL,EQ,INE076B01028
S.J.S. Enterprises Limited,NSE Equity,SJS,EQ,INE284S01014
SJVN Limited,Power,SJVN,EQ,INE002L01015
SKF India Limited,NSE Equity,SKFINDIA,EQ,INE640A01023
SKF India (Industrial) Limited,NSE Equity,SKFINDUS,EQ,INE2J8701016
Skipper Limited,NSE Equity,SKIPPER,EQ,INE439E01022
SKM Egg Products Export (India) Limited,NSE Equity,SKMEGGPROD,EQ,INE411D01023
SKY GOLD AND DIAMONDS LIMITED,NSE Equity,SKYGOLD,EQ,INE01IU01018
Smartlink Holdings Limited,NSE Equity,SMARTLINK,BE,INE178C01020
Smartworks Coworking Spaces Limited,NSE Equity,SMARTWORKS,EQ,INE0NAZ01010
SMC Global Securities Limited,NSE Equity,SMCGLOBAL,EQ,INE103C01036
SML Mahindra Limited,NSE Equity,SMLMAH,EQ,INE294B01019
Sarthak Metals Limited,NSE Equity,SMLT,EQ,INE017W01010
SMS Pharmaceuticals Limited,NSE Equity,SMSPHARMA,EQ,INE812G01025
Snowman Logistics Limited,NSE Equity,SNOWMAN,EQ,INE734N01019
Sobha Limited,Realty,SOBHA,EQ,INE671H01015
Softtech Engineers Limited,NSE Equity,SOFTTECH,BE,INE728Z01015
Solara Active Pharma Sciences Limited,NSE Equity,SOLARA,EQ,INE624Z01016
Solar Industries India Limited,Chemicals,SOLARINDS,EQ,INE343H01029
Solarworld Energy Solutions Limited,NSE Equity,SOLARWORLD,EQ,INE0TY101024
Solex Energy Limited,NSE Equity,SOLEX,EQ,INE880Y01017
Somany Ceramics Limited,NSE Equity,SOMANYCERA,EQ,INE355A01028
Soma Textiles & Industries Limited,NSE Equity,SOMATEX,EQ,INE314C01013
Somi Conveyor Beltings Limited,NSE Equity,SOMICONVEY,EQ,INE323J01019
Sona BLW Precision Forgings Limited,Automobile and Auto Components,SONACOMS,EQ,INE073K01018
Sonal Mercantile Limited,NSE Equity,SONAL,EQ,INE321M01017
SONAM LIMITED,NSE Equity,SONAMLTD,EQ,INE00LM01029
Sonata Software Limited,Information Technology,SONATSOFTW,EQ,INE269A01021
Savita Oil Technologies Limited,NSE Equity,SOTL,EQ,INE035D01020
The South Indian Bank Limited,NSE Equity,SOUTHBANK,EQ,INE683A01023
South West Pinnacle Exploration Limited,NSE Equity,SOUTHWEST,EQ,INE980Y01015
S. P. Apparels Limited,NSE Equity,SPAL,EQ,INE212I01016
Spandana Sphoorty Financial Limited,NSE Equity,SPANDANA,EQ,INE572J01011
Sun Pharma Advanced Research Company Limited,NSE Equity,SPARC,EQ,INE232I01014
Spacenet Enterprises India Limited,NSE Equity,SPCENET,EQ,INE970N01027
Speciality Restaurants Limited,NSE Equity,SPECIALITY,EQ,INE247M01014
Spectrum Electrical Industries Limited,NSE Equity,SPECTRUM,EQ,INE01EO01010
Spencer's Retail Limited,NSE Equity,SPENCERS,EQ,INE020801028
Southern Petrochemicals Industries Corporation  Limited,NSE Equity,SPIC,EQ,INE147A01011
SPL Industries Limited,NSE Equity,SPLIL,EQ,INE978G01016
Supreme Petrochem Limited,Chemicals,SPLPETRO,EQ,INE663A01033
SPML Infra Limited,NSE Equity,SPMLINFRA,EQ,INE937A01023
Sportking India Limited,NSE Equity,SPORTKING,EQ,INE885H01029
Shankar Lal Rampal Dye-Chem Limited,NSE Equity,SRD,EQ,INE01NE01012
Sreeleathers Limited,NSE Equity,SREEL,EQ,INE099F01013
SRF Limited,Chemicals,SRF,EQ,INE647A01010
SRG Housing Finance Limited,NSE Equity,SRGHFL,EQ,INE559N01010
Sree Rayalaseema Hi-Strength Hypo Limited,NSE Equity,SRHHYPOLTD,EQ,INE917H01012
SRM Contractors Limited,NSE Equity,SRM,EQ,INE0R6Z01013
Shree Ram Twistex Limited,NSE Equity,SRTL,EQ,INE19GK01015
Saraswati Saree Depot Limited,NSE Equity,SSDL,EQ,INE0PQ101010
Steel Strips Wheels Limited,NSE Equity,SSWL,EQ,INE802C01033
Stallion India Fluorochemicals Limited,NSE Equity,STALLION,EQ,INE0RYC01010
Stanley Lifestyles Limited,NSE Equity,STANLEY,EQ,INE01A001028
Strides Pharma Science Limited,NSE Equity,STAR,EQ,INE939A01011
Star Cement Limited,NSE Equity,STARCEMENT,EQ,INE460H01021
Star Health and Allied Insurance Company Limited,Financial Services,STARHEALTH,EQ,INE575P01011
Star Paper Mills Limited,NSE Equity,STARPAPER,EQ,INE733A01018
Starteck Finance Limited,NSE Equity,STARTECK,EQ,INE992I01013
The State Trading Corporation of India Limited,NSE Equity,STCINDIA,EQ,INE655A01013
Steelcast Limited,NSE Equity,STEELCAS,EQ,INE124E01038
Steel City Securities Limited,NSE Equity,STEELCITY,EQ,INE395H01011
STEEL EXCHANGE INDIA LIMITED,NSE Equity,STEELXIND,EQ,INE503B01021
Stel Holdings Limited,NSE Equity,STEL,EQ,INE577L01016
Sterling Tools Limited,NSE Equity,STERTOOLS,BE,INE334A01023
STL Networks Limited,NSE Equity,STLNETWORK,BE,INE1VXE01018
Sterlite Technologies Limited,NSE Equity,STLTECH,BE,INE089C01029
Stove Kraft Limited,NSE Equity,STOVEKRAFT,EQ,INE00IN01015
Studds Accessories Limited,NSE Equity,STUDDS,EQ,INE00Q601028
Seshaasai Technologies Limited,NSE Equity,STYL,EQ,INE04VU01023
Stylam Industries Limited,NSE Equity,STYLAMIND,EQ,INE239C01020
Baazar Style Retail Limited,NSE Equity,STYLEBAAZA,BE,INE01FR01028
Styrenix Performance Materials Limited,NSE Equity,STYRENIX,EQ,INE189B01011
Subex Limited,NSE Equity,SUBEXLTD,BE,INE754A01055
Subros Limited,NSE Equity,SUBROS,EQ,INE287B01021
Sudarshan Colorants India Limited,NSE Equity,SUDARCOLOR,EQ,INE492A01029
Sudarshan Chemical Industries Limited,NSE Equity,SUDARSCHEM,EQ,INE659A01023
Sudeep Pharma Limited,NSE Equity,SUDEEPPHRM,EQ,INE0QPI01025
Sukhjit Starch & Chemicals Limited,NSE Equity,SUKHJITS,EQ,INE450E01029
Sula Vineyards Limited,NSE Equity,SULA,EQ,INE142Q01026
Sumeet Industries Limited,NSE Equity,SUMEETINDS,EQ,INE235C01036
Sumitomo Chemical India Limited,Chemicals,SUMICHEM,EQ,INE258G01013
Sumit Woods Limited,NSE Equity,SUMIT,BE,INE748Z01013
Summit Securities Limited,NSE Equity,SUMMITSEC,EQ,INE519C01017
Sundaram Clayton Limited,NSE Equity,SUNCLAY,EQ,INE0Q3R01026
Sundaram Multi Pap Limited,NSE Equity,SUNDARAM,EQ,INE108E01023
Sundaram Finance Limited,Financial Services,SUNDARMFIN,EQ,INE660A01013
Sundaram Brake Linings Limited,NSE Equity,SUNDRMBRAK,BE,INE073D01013
Sundram Fasteners Limited,NSE Equity,SUNDRMFAST,EQ,INE387A01021
Sundrop Brands Limited,NSE Equity,SUNDROP,EQ,INE209A01019
Sunflag Iron And Steel Company Limited,NSE Equity,SUNFLAG,EQ,INE947A01014
Sun Pharmaceutical Industries Limited,Healthcare,SUNPHARMA,EQ,INE044A01036
Sunteck Realty Limited,NSE Equity,SUNTECK,EQ,INE805D01034
Sun TV Network Limited,Media Entertainment & Publication,SUNTV,EQ,INE424H01027
Superhouse Limited,NSE Equity,SUPERHOUSE,EQ,INE712B01010
Super Spinning Mills Limited,NSE Equity,SUPERSPIN,BE,INE662A01027
Suprajit Engineering Limited,NSE Equity,SUPRAJIT,EQ,INE399C01030
Supreme Holdings & Hospitality (India) Limited,NSE Equity,SUPREME,EQ,INE822E01011
Supreme Industries Limited,Capital Goods,SUPREMEIND,EQ,INE195A01028
Supreme Infrastructure India Limited,NSE Equity,SUPREMEINF,EQ,INE550H01011
Supriya Lifescience Limited,NSE Equity,SUPRIYA,EQ,INE07RO01027
Suraj Estate Developers Limited,NSE Equity,SURAJEST,EQ,INE843S01025
Suraj Limited,NSE Equity,SURAJLTD,EQ,INE713C01016
Suraksha Diagnostic Limited,NSE Equity,SURAKSHA,EQ,INE877V01027
Surana Solar Limited,NSE Equity,SURANASOL,EQ,INE272L01022
Surana Telecom and Power Limited,NSE Equity,SURANAT&P,EQ,INE130B01031
Suryalata Spinning Mills Limited,NSE Equity,SURYALA,EQ,INE132C01027
Suryalakshmi Cotton Mills Limited,NSE Equity,SURYALAXMI,EQ,INE713B01026
Surya Roshni Limited,NSE Equity,SURYAROSNI,EQ,INE335A01020
Suryoday Small Finance Bank Limited,NSE Equity,SURYODAY,EQ,INE428Q01011
Sutlej Textiles and Industries Limited,NSE Equity,SUTLEJTEX,BE,INE645H01027
Suven Life Sciences Limited,NSE Equity,SUVEN,EQ,INE495B01038
Suvidhaa Infoserve Limited,NSE Equity,SUVIDHAA,EQ,INE018401013
Suyog Telematics Limited,NSE Equity,SUYOG,EQ,INE442P01014
Suzlon Energy Limited,Capital Goods,SUZLON,EQ,INE040H01021
Shree Vasu Logistics Limited,NSE Equity,SVLL,BE,INE00CE01017
SVP GLOBAL TEXTILES LIMITED,NSE Equity,SVPGLOB,BE,INE308E01029
SWAN CORP LIMITED,Chemicals,SWANCORP,EQ,INE665A01038
Swan Defence and Heavy Industries Limited,NSE Equity,SWANDEF,BE,INE542F01020
Swaraj Engines Limited,NSE Equity,SWARAJENG,EQ,INE277A01016
Swelect Energy Systems Limited,NSE Equity,SWELECTES,EQ,INE409B01013
Swiggy Limited,Consumer Services,SWIGGY,EQ,INE00H001014
Sterling and Wilson Renewable Energy Limited,NSE Equity,SWSOLAR,EQ,INE00M201021
Symphony Limited,NSE Equity,SYMPHONY,EQ,INE225D01027
Syncom Formulations (India) Limited,NSE Equity,SYNCOMF,EQ,INE312C01025
Syngene International Limited,Healthcare,SYNGENE,EQ,INE398R01022
Syrma SGS Technology Limited,Capital Goods,SYRMA,EQ,INE0DYJ01015
Systematix Corporate Services Limited,NSE Equity,SYSTMTXC,BE,INE356B01024
Taal Tech Limited,NSE Equity,TAALTECH,EQ,INE524T01011
Tainwala Chemical and Plastic (I) Limited,NSE Equity,TAINWALCHM,EQ,INE123C01018
Taj GVK Hotels & Resorts Limited,NSE Equity,TAJGVK,EQ,INE586B01026
Take Solutions Limited,NSE Equity,TAKE,EQ,INE142I01023
Talbros Automotive Components Limited,NSE Equity,TALBROAUTO,EQ,INE187D01029
Tamboli Industries Limited,NSE Equity,TAMBOLIIN,BE,INE864J01012
Tanla Platforms Limited,NSE Equity,TANLA,EQ,INE483C01032
Tara Chand InfraLogistic Solutions Limited,NSE Equity,TARACHAND,EQ,INE555Z01020
Tarapur Transformers Limited,NSE Equity,TARAPUR,EQ,INE747K01017
TARC Limited,NSE Equity,TARC,EQ,INE0EK901012
Transformers And Rectifiers (India) Limited,Capital Goods,TARIL,EQ,INE763I01026
Tarmat Limited,NSE Equity,TARMAT,EQ,INE924H01018
Tarsons Products Limited,NSE Equity,TARSONS,EQ,INE144Z01023
Tasty Bite Eatables Limited,NSE Equity,TASTYBITE,EQ,INE488B01017
Tata Capital Limited,Financial Services,TATACAP,EQ,INE976I01016
Tata Chemicals Limited,Chemicals,TATACHEM,EQ,INE092A01019
Tata Communications Limited,Telecommunication,TATACOMM,EQ,INE151A01013
TATA CONSUMER PRODUCTS LIMITED,Fast Moving Consumer Goods,TATACONSUM,EQ,INE192A01025
Tata Elxsi Limited,Information Technology,TATAELXSI,EQ,INE670A01012
Tata Investment Corporation Limited,Financial Services,TATAINVEST,EQ,INE672A01026
Tata Power Company Limited,Power,TATAPOWER,EQ,INE245A01021
Tata Steel Limited,Metals & Mining,TATASTEEL,EQ,INE081A01020
Tata Technologies Limited,Information Technology,TATATECH,EQ,INE142M01025
Tatva Chintan Pharma Chem Limited,NSE Equity,TATVA,EQ,INE0GK401011
TBO Tek Limited,Consumer Services,TBOTEK,EQ,INE673O01025
Tribhovandas Bhimji Zaveri Limited,NSE Equity,TBZ,EQ,INE760L01018
TCC Concept Limited,NSE Equity,TCC,EQ,INE887D01016
Transport Corporation of India Limited,NSE Equity,TCI,EQ,INE688A01022
TCI Express Limited,NSE Equity,TCIEXP,EQ,INE586V01016
TCI Finance Limited,NSE Equity,TCIFINANCE,BE,INE911B01018
TCPL Packaging Limited,NSE Equity,TCPLPACK,EQ,INE822C01015
Tata Consultancy Services Limited,Information Technology,TCS,EQ,INE467B01029
TD Power Systems Limited,NSE Equity,TDPOWERSYS,EQ,INE419M01027
Team India Guaranty Limited,NSE Equity,TEAMGTY,EQ,INE289C01025
Teamlease Services Limited,NSE Equity,TEAMLEASE,EQ,INE985S01024
Tech Mahindra Limited,Information Technology,TECHM,EQ,INE669C01036
Techno Electric & Engineering Company Limited,Construction,TECHNOE,EQ,INE285K01026
TechNVision Ventures Limited,NSE Equity,TECHNVISN,EQ,INE314H01012
TECIL Chemicals and Hydro Power Limited,NSE Equity,TECILCHEM,EQ,INE014B01011
Tega Industries Limited,Capital Goods,TEGA,EQ,INE011K01018
Tejas Networks Limited,Telecommunication,TEJASNET,EQ,INE010J01012
Tembo Global Industries Limited,NSE Equity,TEMBO,EQ,INE869Y01010
Tenneco Clean Air India Limited,Automobile and Auto Components,TENNIND,EQ,INE19RI01016
Tera Software Limited,NSE Equity,TERASOFT,EQ,INE482B01010
Texmaco Infrastructure & Holdings Limited,NSE Equity,TEXINFRA,EQ,INE435C01024
Texmo Pipes and Products Limited,NSE Equity,TEXMOPIPES,EQ,INE141K01013
Texmaco Rail & Engineering Limited,NSE Equity,TEXRAIL,EQ,INE621L01012
Tourism Finance Corporation of India Limited,NSE Equity,TFCILTD,EQ,INE305A01023
Transwarranty Finance Limited,NSE Equity,TFL,EQ,INE804H01012
TGB Banquets And Hotels Limited,NSE Equity,TGBHOTELS,EQ,INE797H01018
Thacker & Company Limited,NSE Equity,THACKER,BE,INE077P01034
Thakkers Developers Limited,NSE Equity,THAKDEV,EQ,INE403F01017
Thangamayil Jewellery Limited,NSE Equity,THANGAMAYL,EQ,INE085J01014
The Investment Trust Of India Limited,NSE Equity,THEINVEST,EQ,INE924D01017
Thejo Engineering Limited,NSE Equity,THEJO,EQ,INE121N01019
Leela Palaces Hotels & Resorts Limited,Consumer Services,THELEELA,EQ,INE0AQ201015
Themis Medicare Limited,NSE Equity,THEMISMED,EQ,INE083B01024
Thermax Limited,Capital Goods,THERMAX,EQ,INE152A01029
Thomas Cook  (India)  Limited,NSE Equity,THOMASCOOK,EQ,INE332A01027
Thomas Scott (India) Limited,NSE Equity,THOMASCOTT,EQ,INE480M01011
Thyrocare Technologies Limited,NSE Equity,THYROCARE,EQ,INE594H01019
Tilaknagar Industries Limited,NSE Equity,TI,EQ,INE133E01013
Twamev Construction and Infrastructure Limited,NSE Equity,TICL,BE,INE388G01026
Tiger Logistics (India) Limited,NSE Equity,TIGERLOGS,BE,INE906O01029
Technocraft Industries (India) Limited,NSE Equity,TIIL,EQ,INE545H01011
Tube Investments of India Limited,Automobile and Auto Components,TIINDIA,EQ,INE974X01010
Tijaria Polypipes Limited,NSE Equity,TIJARIA,EQ,INE440L01017
TIL Limited,NSE Equity,TIL,EQ,INE806C01018
Time Technoplast Limited,NSE Equity,TIMETECHNO,EQ,INE508G01029
Timex Group India Limited,NSE Equity,TIMEX,EQ,INE064A01026
Timken India Limited,Capital Goods,TIMKEN,EQ,INE325A01013
Tinna Rubber and Infrastructure Limited,NSE Equity,TINNARUBR,EQ,INE015C01016
Tips Films Limited,NSE Equity,TIPSFILMS,EQ,INE0LQS01015
Tips Music Limited,NSE Equity,TIPSMUSIC,EQ,INE716B01029
Thirumalai Chemicals Limited,NSE Equity,TIRUMALCHM,EQ,INE338A01024
Tirupati Forge Limited,NSE Equity,TIRUPATIFL,BE,INE319Y01024
TITAGARH RAIL SYSTEMS LIMITED,Capital Goods,TITAGARH,EQ,INE615H01020
Titan Company Limited,Consumer Durables,TITAN,EQ,INE280A01028
Tamilnad Mercantile Bank Limited,NSE Equity,TMB,EQ,INE668A01016
Tata Motors Limited,Capital Goods,TMCV,EQ,INE1TAE01010
Tata Motors Passenger Vehicles Limited,Automobile and Auto Components,TMPV,EQ,INE155A01022
Tamilnadu PetroProducts Limited,NSE Equity,TNPETRO,EQ,INE148A01019
Tamil Nadu Newsprint & Papers Limited,NSE Equity,TNPL,EQ,INE107A01015
Tamilnadu Telecommunication Limited,NSE Equity,TNTELE,EQ,INE141D01018
Tokyo Plast International Limited,NSE Equity,TOKYOPLAST,BE,INE932C01012
Tolins Tyres Limited,NSE Equity,TOLINS,EQ,INE0RWQ01014
Torrent Pharmaceuticals Limited,Healthcare,TORNTPHARM,EQ,INE685A01028
Torrent Power Limited,Power,TORNTPOWER,EQ,INE813H01021
Total Transport Systems Limited,NSE Equity,TOTAL,EQ,INE336X01012
Touchwood Entertainment Limited,NSE Equity,TOUCHWOOD,EQ,INE486Y01013
Teamo Productions HQ Limited,NSE Equity,TPHQ,EQ,INE065J01024
TPL Plastech Limited,NSE Equity,TPLPLASTEH,EQ,INE413G01022
Tracxn Technologies Limited,NSE Equity,TRACXN,EQ,INE0HMF01019
Transpek Industry Limited,NSE Equity,TRANSPEK,EQ,INE687A01016
Transrail Lighting Limited,NSE Equity,TRANSRAILL,EQ,INE454P01035
TRANSWORLD SHIPPING LINES LIMITED,NSE Equity,TRANSWORLD,BE,INE757B01015
Travel Food Services Limited,Consumer Services,TRAVELFOOD,EQ,INE103V01028
Tree House Education & Accessories Limited,NSE Equity,TREEHOUSE,EQ,INE040M01013
TREJHARA SOLUTIONS LIMITED,NSE Equity,TREJHARA,EQ,INE00CA01015
Transindia Real Estate Limited,NSE Equity,TREL,EQ,INE0O3901029
Trent Limited,Consumer Services,TRENT,EQ,INE849A01020
TRF Limited,NSE Equity,TRF,EQ,INE391D01019
Trident Limited,Textiles,TRIDENT,EQ,INE064C01022
Trigyn Technologies Limited,NSE Equity,TRIGYN,EQ,INE948A01012
Triveni Turbine Limited,Capital Goods,TRITURBINE,EQ,INE152M01016
Triveni Engineering & Industries Limited,NSE Equity,TRIVENI,BE,INE256C01024
TruCap Finance Limited,NSE Equity,TRU,EQ,INE615R01029
TruAlt Bioenergy Limited,NSE Equity,TRUALT,EQ,INE0MWH01014
TSF INVESTMENTS LIMITED,NSE Equity,TSFINV,EQ,INE202Z01029
TTK Healthcare Limited,NSE Equity,TTKHLTCARE,EQ,INE910C01018
TTK Prestige Limited,NSE Equity,TTKPRESTIG,EQ,INE690A01028
T T Limited,NSE Equity,TTL,EQ,INE592B01024
Tata Teleservices (Maharashtra) Limited,Telecommunication,TTML,EQ,INE517B01013
Turtlemint Fintech Solutions Limited,NSE Equity,TURTLEMINT,EQ,INE0OC301013
TVS Electronics Limited,NSE Equity,TVSELECT,EQ,INE236G01019
TVS Holdings Limited,NSE Equity,TVSHLTD,EQ,INE105A01035
TVS Motor Company Limited,Automobile and Auto Components,TVSMOTOR,EQ,INE494B01023
TVS Supply Chain Solutions Limited,NSE Equity,TVSSCS,EQ,INE395N01027
TVS Srichakra Limited,NSE Equity,TVSSRICHAK,EQ,INE421C01016
TV Today Network Limited,NSE Equity,TVTODAY,EQ,INE038F01029
TV Vision Limited,NSE Equity,TVVISION,EQ,INE871L01013
United Breweries Limited,Fast Moving Consumer Goods,UBL,EQ,INE686F01025
UCAL LIMITED,NSE Equity,UCAL,EQ,INE139B01016
UCO Bank,Financial Services,UCOBANK,EQ,INE691A01018
Updater Services Limited,NSE Equity,UDS,EQ,INE851I01011
Ujaas Energy Limited,NSE Equity,UEL,EQ,INE899L01030
United Foodbrands Limited,NSE Equity,UFBL,EQ,INE382M01027
UFLEX Limited,NSE Equity,UFLEX,EQ,INE516A01017
UFO Moviez India Limited,NSE Equity,UFO,EQ,INE527H01019
The Ugar Sugar Works Limited,NSE Equity,UGARSUGAR,EQ,INE071E01023
Ugro Capital Limited,NSE Equity,UGROCAP,EQ,INE583D01011
Ujjivan Small Finance Bank Limited,NSE Equity,UJJIVANSFB,EQ,INE551W01018
UltraTech Cement Limited,Construction Materials,ULTRACEMCO,EQ,INE481G01011
Ultramarine & Pigments Limited,NSE Equity,ULTRAMAR,EQ,INE405A01021
Uma Exports Limited,NSE Equity,UMAEXPORTS,BE,INE0GIU01018
Usha Martin Education & Solutions Limited,NSE Equity,UMESLTD,EQ,INE240C01028
UMIYA BUILDCON LIMITED,NSE Equity,UMIYA-MRO,EQ,INE398B01018
Unichem Laboratories Limited,NSE Equity,UNICHEMLAB,EQ,INE351A01035
United Drilling Tools Limited,NSE Equity,UNIDT,BE,INE961D01019
Unicommerce Esolutions Limited,NSE Equity,UNIECOM,EQ,INE00U401027
Uniphos Enterprises Limited,NSE Equity,UNIENTER,EQ,INE037A01022
Uniinfo Telecom Services Limited,NSE Equity,UNIINFO,BE,INE481Z01011
Unimech Aerospace and Manufacturing Limited,NSE Equity,UNIMECH,EQ,INE0U3I01011
Union Bank of India,Financial Services,UNIONBANK,EQ,INE692A01016
Uniparts India Limited,NSE Equity,UNIPARTS,EQ,INE244O01017
United Spirits Limited,Fast Moving Consumer Goods,UNITDSPR,EQ,INE854D01024
Unitech Limited,NSE Equity,UNITECH,EQ,INE694A01020
United Polyfab Gujarat Limited,NSE Equity,UNITEDPOLY,BE,INE368U01029
The United Nilgiri Tea Estates Company Limited,NSE Equity,UNITEDTEA,EQ,INE458F01011
Univastu India Limited,NSE Equity,UNIVASTU,BE,INE562X01013
Universal Cables Limited,NSE Equity,UNIVCABLES,EQ,INE279A01012
Universus Photo Imagings Limited,NSE Equity,UNIVPHOTO,BE,INE03V001013
UNO Minda Limited,Automobile and Auto Components,UNOMINDA,EQ,INE405E01023
UPL Limited,Chemicals,UPL,EQ,INE628A01036
Uravi Defence and Technology Limited,NSE Equity,URAVIDEF,BE,INE568Z01015
Urban Company Limited,Consumer Services,URBANCO,EQ,INE0CAZ01013
Urja Global Limited,NSE Equity,URJA,EQ,INE550C01020
Usha Martin Limited,Capital Goods,USHAMART,EQ,INE228A01035
Udayshivakumar Infra Limited,NSE Equity,USK,EQ,INE0N0Y01013
UTI Asset Management Company Limited,Financial Services,UTIAMC,EQ,INE094J01016
Utkarsh Small Finance Bank Limited,NSE Equity,UTKARSHBNK,EQ,INE735W01017
Fujiyama Power Systems Limited,NSE Equity,UTLSOLAR,EQ,INE12UR01024
Uttam Sugar Mills Limited,NSE Equity,UTTAMSUGAR,EQ,INE786F01031
U. Y. Fincorp Limited,NSE Equity,UYFINCORP,EQ,INE152C01025
V2 Retail Limited,NSE Equity,V2RETAIL,EQ,INE945H01021
Vadilal Industries Limited,NSE Equity,VADILALIND,EQ,INE694D01016
Vaibhav Global Limited,NSE Equity,VAIBHAVGBL,EQ,INE884A01027
Vaishali Pharma Limited,NSE Equity,VAISHALI,EQ,INE972X01022
Vakrangee Limited,NSE Equity,VAKRANGEE,EQ,INE051B01021
Valiant Laboratories Limited,NSE Equity,VALIANTLAB,BE,INE0JWS01017
Valiant Organics Limited,NSE Equity,VALIANTORG,BE,INE565V01010
Vedanta Aluminium Metal Limited,NSE Equity,VAML,EQ,INE1CDF01017
Vardhman Acrylics Limited,NSE Equity,VARDHACRLC,BE,INE116G01013
Vardhman Polytex Limited,NSE Equity,VARDMNPOLY,EQ,INE835A01029
Varroc Engineering Limited,NSE Equity,VARROC,EQ,INE665L01035
Vascon Engineers Limited,NSE Equity,VASCONEQ,BE,INE893I01013
Vaswani Industries Limited,NSE Equity,VASWANI,EQ,INE590L01019
Varun Beverages Limited,Fast Moving Consumer Goods,VBL,EQ,INE200M01039
Vaxtex Cotfab Limited,NSE Equity,VCL,EQ,INE098201036
Vedanta Limited,Metals & Mining,VEDL,EQ,INE205A01025
Vedanta Power Limited,NSE Equity,VEDPOWER,EQ,INE694L01019
Veedol Corporation Limited,NSE Equity,VEEDOL,EQ,INE484C01030
Veljan Denison Limited,NSE Equity,VELJAN,BE,INE232E01013
Venky's (India) Limited,NSE Equity,VENKEYS,EQ,INE398A01010
Ventive Hospitality Limited,NSE Equity,VENTIVE,EQ,INE781S01027
Venus Pipes & Tubes Limited,NSE Equity,VENUSPIPES,EQ,INE0JA001018
Venus Remedies Limited,NSE Equity,VENUSREM,BE,INE411B01019
Veranda Learning Solutions Limited,NSE Equity,VERANDA,EQ,INE0IQ001011
Vertoz Limited,NSE Equity,VERTOZ,BE,INE188Y01031
Vesuvius India Limited,NSE Equity,VESUVIUS,EQ,INE386A01023
Veto Switchgears And Cables Limited,NSE Equity,VETO,BE,INE918N01018
VARVEE GLOBAL LIMITED,NSE Equity,VGL,EQ,INE273D01027
V-Guard Industries Limited,NSE Equity,VGUARD,EQ,INE951I01027
Vardhman Holdings Limited,NSE Equity,VHL,EQ,INE701A01023
Viceroy Hotels Limited,NSE Equity,VHLTD,BE,INE048C01025
Vidhi Specialty Food Ingredients Limited,NSE Equity,VIDHIING,EQ,INE632C01026
Vidya Wires Limited,NSE Equity,VIDYAWIRES,EQ,INE14UN01029
Vijaya Diagnostic Centre Limited,Healthcare,VIJAYA,EQ,INE043W01024
Viji Finance Limited,NSE Equity,VIJIFIN,BE,INE159N01027
Vikas EcoTech Limited,NSE Equity,VIKASECO,EQ,INE806A01020
Vikas Lifecare Limited,NSE Equity,VIKASLIFE,EQ,INE161L01027
Vikram Solar Limited,NSE Equity,VIKRAMSOLR,EQ,INE078V01014
Vikran Engineering Limited,NSE Equity,VIKRAN,EQ,INE01R501028
Vimta Labs Limited,NSE Equity,VIMTALABS,EQ,INE579C01029
Vinati Organics Limited,NSE Equity,VINATIORGA,EQ,INE410B01037
Vintage Coffee And Beverages Limited,NSE Equity,VINCOFE,EQ,INE498Q01014
Vindhya Telelinks Limited,NSE Equity,VINDHYATEL,EQ,INE707A01012
Vineet Laboratories Limited,NSE Equity,VINEETLAB,BE,INE505Y01010
Vinny Overseas Limited,NSE Equity,VINNY,EQ,INE01KI01027
Vinyl Chemicals (India) Limited,NSE Equity,VINYLINDIA,EQ,INE250B01029
VIP Clothing Limited,NSE Equity,VIPCLOTHNG,BE,INE450G01024
VIP Industries Limited,NSE Equity,VIPIND,EQ,INE054A01027
Vipul Limited,NSE Equity,VIPULLTD,BE,INE946H01037
Virinchi Limited,NSE Equity,VIRINCHI,EQ,INE539B01017
VISA Chrome Limited,NSE Equity,VISACHROME,BE,INE286H01012
Visaka Industries Limited,NSE Equity,VISAKAIND,EQ,INE392A01021
Vishnu Chemicals Limited,NSE Equity,VISHNU,EQ,INE270I01022
Vishwaraj Sugar Industries Limited,NSE Equity,VISHWARAJ,EQ,INE430N01022
Vedanta Iron and Steel Limited,NSE Equity,VISL,EQ,INE1CLE01013
Vital Chemtech Limited,NSE Equity,VITAL,BE,INE0L4K01016
Viviana Power Tech Limited,NSE Equity,VIVIANA,BE,INE0MEG01014
Visagar Polytex Limited,NSE Equity,VIVIDHA,EQ,INE370E01029
Vivimed Labs Limited,NSE Equity,VIVIMEDLAB,BE,INE526G01021
Viyash Scientific Limited,NSE Equity,VIYASH,EQ,INE807F01027
VL E-Governance & IT Solutions Limited,NSE Equity,VLEGOV,BE,INE03HW01020
VLS Finance Limited,NSE Equity,VLSFINANCE,EQ,INE709A01018
V-Mart Retail Limited,NSE Equity,VMART,EQ,INE665J01013
Vishal Mega Mart Limited,Consumer Services,VMM,EQ,INE01EA01019
VMS TMT Limited,NSE Equity,VMSTMT,BE,INE0SJA01013
Virtuoso Optoelectronics Limited,NSE Equity,VOEPL,EQ,INE0I0T01010
Vedanta Oil and Gas Limited,NSE Equity,VOGL,EQ,INE704J01044
Voltamp Transformers Limited,NSE Equity,VOLTAMP,EQ,INE540H01012
Voltas Limited,Consumer Durables,VOLTAS,EQ,INE226A01021
Vishnu Prakash R Punglia Limited,NSE Equity,VPRPL,BE,INE0AE001013
Vraj Iron and Steel Limited,NSE Equity,VRAJ,EQ,INE0S2V01010
VRL Logistics Limited,NSE Equity,VRLLOG,EQ,INE366I01010
Vardhman Special Steels Limited,NSE Equity,VSSL,EQ,INE050M01012
VST Industries Limited,NSE Equity,VSTIND,EQ,INE710A01016
Vibhor Steel Tubes Limited,NSE Equity,VSTL,EQ,INE0QTF01015
V.S.T Tillers Tractors Limited,NSE Equity,VSTTILLERS,EQ,INE764D01017
Vardhman Textiles Limited,Textiles,VTL,EQ,INE825A01020
Waaree Energies Limited,Capital Goods,WAAREEENER,EQ,INE377N01017
Indosolar Limited,NSE Equity,WAAREEINDO,EQ,INE866K01023
Waaree Renewable Technologies Limited,NSE Equity,WAAREERTL,EQ,INE299N01021
VA Tech Wabag Limited,NSE Equity,WABAG,EQ,INE956G01038
Wakefit Innovations Limited,NSE Equity,WAKEFIT,EQ,INE0E7301029
Walchandnagar Industries Limited,NSE Equity,WALCHANNAG,EQ,INE711A01022
Wanbury Limited,NSE Equity,WANBURY,EQ,INE107F01022
Western Carriers (India) Limited,NSE Equity,WCIL,EQ,INE0CJF01024
Wealth First Portfolio Managers Limited,NSE Equity,WEALTH,EQ,INE658T01017
Websol Energy System Limited,NSE Equity,WEBELSOLAR,EQ,INE855C01023
Weizmann Limited,NSE Equity,WEIZMANIND,EQ,INE080A01014
Wonder Electricals Limited,NSE Equity,WEL,EQ,INE02WG01024
Welspun Corp Limited,Capital Goods,WELCORP,EQ,INE191B01025
Welspun Enterprises Limited,NSE Equity,WELENT,EQ,INE625G01013
Welspun Investments and Commercials Limited,NSE Equity,WELINV,BE,INE389K01018
Welspun Specialty Solutions Limited,NSE Equity,WELSPLSOL,EQ,INE731F01037
Welspun Living Limited,Textiles,WELSPUNLIV,EQ,INE192B01031
Wendt (India) Limited,NSE Equity,WENDT,EQ,INE274C01019
WESTLIFE FOODWORLD LIMITED,NSE Equity,WESTLIFE,EQ,INE274F01020
WE WIN LIMITED,NSE Equity,WEWIN,BE,INE082W01014
WeWork India Management Limited,NSE Equity,WEWORK,EQ,INE085001019
Wheels India Limited,NSE Equity,WHEELS,EQ,INE715A01015
Whirlpool of India Limited,Consumer Durables,WHIRLPOOL,EQ,INE716A01013
Williamson Magor & Company Limited,NSE Equity,WILLAMAGOR,EQ,INE210A01017
Windlas Biotech Limited,NSE Equity,WINDLAS,EQ,INE0H5O01029
Windsor Machines Limited,NSE Equity,WINDMACHIN,EQ,INE052A01021
The Western India Plywoods Limited,NSE Equity,WIPL,EQ,INE215F01023
Wipro Limited,Information Technology,WIPRO,EQ,INE075A01022
Wockhardt Limited,Healthcare,WOCKPHARMA,EQ,INE049B01025
Wonderla Holidays Limited,NSE Equity,WONDERLA,EQ,INE066O01014
Worth Peripherals Limited,NSE Equity,WORTHPERI,EQ,INE196Y01018
WPIL Limited,NSE Equity,WPIL,EQ,INE765D01022
W S Industries (I) Limited,NSE Equity,WSI,EQ,INE100D01014
West Coast Paper Mills Limited,NSE Equity,WSTCSTPAPR,EQ,INE976A01021
Xchanging Solutions Limited,NSE Equity,XCHANGING,EQ,INE692G01013
Xelpmoc Design And Tech Limited,NSE Equity,XELPMOC,EQ,INE01P501012
Xpro India Limited,NSE Equity,XPROINDIA,EQ,INE445C01015
Xtglobal Infotech Limited,NSE Equity,XTGLOBAL,EQ,INE547B01028
Xtranet Technologies Limited,NSE Equity,XTRANET,BE,INE0NG701011
Yasho Industries Limited,NSE Equity,YASHO,EQ,INE616Z01012
Yatharth Hospital & Trauma Care Services Limited,NSE Equity,YATHARTH,EQ,INE0JO301016
Yatra Online Limited,NSE Equity,YATRA,EQ,INE0JR601024
Yes Bank Limited,Financial Services,YESBANK,EQ,INE528G01035
Yuken India Limited,NSE Equity,YUKEN,EQ,INE384C01016
Zaggle Prepaid Ocean Services Limited,NSE Equity,ZAGGLE,EQ,INE07K301024
Zee Entertainment Enterprises Limited,Media Entertainment & Publication,ZEEL,EQ,INE256A01028
Zee Learn Limited,NSE Equity,ZEELEARN,BE,INE565L01011
Zee Media Corporation Limited,NSE Equity,ZEEMEDIA,EQ,INE966H01019
Zenith Exports Limited,NSE Equity,ZENITHEXPO,EQ,INE058B01018
Zenith Steel Pipes & Industries Limited,NSE Equity,ZENITHSTL,EQ,INE318D01020
Zensar Technologies Limited,Information Technology,ZENSARTECH,EQ,INE520A01027
Zen Technologies Limited,Capital Goods,ZENTEC,EQ,INE251B01027
ZF Commercial Vehicle Control Systems India Limited,Automobile and Auto Components,ZFCVINDIA,EQ,INE342J01019
ZF Steering Gear (India) Limited,NSE Equity,ZFSTEERING,EQ,INE116C01012
Zim Laboratories Limited,NSE Equity,ZIMLAB,BE,INE518E01015
Zodiac Energy Limited,NSE Equity,ZODIAC,BE,INE761Y01019
Zodiac Clothing Company Limited,NSE Equity,ZODIACLOTH,EQ,INE206B01013
Zota Health Care LImited,NSE Equity,ZOTA,EQ,INE358U01012
Saraswati Commercial India Limited,NSE Equity,ZSARACOM,EQ,INE967G01019
Zuari Agro Chemicals Limited,NSE Equity,ZUARI,EQ,INE840M01016
ZUARI INDUSTRIES LIMITED,NSE Equity,ZUARIIND,EQ,INE217A01012
Zydus Lifesciences Limited,Healthcare,ZYDUSLIFE,EQ,INE010B01027
Zydus Wellness Limited,Fast Moving Consumer Goods,ZYDUSWELL,EQ,INE768C01028
